,address1
0, 6799 OAKS RD STE 200
1,756 ROCK BRIDGE RD
2,6 DUMOND ROAD
3,"202 US RTE 1, BOX 360"
4,42 BRIAN'S WAY
5,
6,7113 THREE CHOPT ROAD STE 210
7,318 SOUTHBRIDGE ROAD
8,35520 FORTON COURT
9,
10,
11,79 BOXWOOD ROAD
12,
13,228 RIVER ROAD
14,9 RING AVE
15,8 WINNEMAY ST APT 2
16,7357 MURRAY RIDGE RD
17,23908 INDIANWOOD ST
18,36 BALLARDVALE ST
19,9333 W INNISWOLD RD
20,
21,126 S LYNNHAVEN ROAD
22,
23,147 SHERMAN STREET
24,11 ROUNDABOUT DRIVE
25,111 ORION ST
26,173 ORISKANY BLVD
27,
28,3355 N CLARK UNIT 5S
29,8380 MIRALANI DR # A
30,4776 E JENSEN AVE
31,LLC 449 A PIGEON STREET
32,
33,18675 MADRONE PKWY # 100
34,101-22 45TH AVENUE
35,341 SURFVIEW DR
36,602 COOPER ROAD
37,883-889 MAIN STREET
38,
39,133 WATER STREET
40,112 SOUTH MAIN STREET # 227
41,1594 STATE RT 315
42,9545 GROSSMONT SUMMIT DRIVE
43,1806 SPRINGFIELD AVE
44,
45,4 LONGFELLOW PLACE APT 3401
46,LLC 715
47,123 BANKER ST
48,2120 MILLER DRIVE SUITE
49,MOUNTAIN BROOK WATER 100 AVENUE C
50,201 DIXSON AVE
51,1612 FILBERT CT
52,2090 COOMER ROAD
53,6203 PINE HEIGHTS DRIVE
54,"4709 GOLF ROAD, SUITE 300-A"
55,139 FULTON STREET # 501
56,594 BROADWAY 11TH FL
57,422 S. MAIN ST.
58,
59,755 BANFIELD ROAD SUITE 1
60,736 E 29TH ST
61,1415 S LOS ANGELES STREET # A
62,
63,728 EAST COMMERCIAL STREET
64,3500 S AVALON BOULEVARD
65,247 WEST 37TH STREET STE 1501
66,230 WEST 38TH STREET 8TH FLOOR
67,1173 S CROCKER ST
68,"321 DEAN ST., # 3"
69,5320 GULFTON STREET STE 1
70,6801 W SIDE AVE
71,1010 SANDHILL AVE
72,10911 W HWY 55 # 201
73,477 3RD STREET
74,44 MURPHY'S WAY
75,44 MITCHELL RD
76,730 W RANDOLPH ST SUITE 300
77,1060 E SPRINGFIELD RD
78,1822 THUNDERBIRD AVE
79,9101 PERKINS ST
80,435 E PARK CENTER CIRCLE
81,436 NINTH STREET
82,4404 BOEING DRIVE
83,809 A PROFESSIONAL PLACE W
84,3302 5TH AVENUE
85,228 EAST 45TH STREET
86,8906 S HARLEM AVE
87,
88,14711 SINCLAIR CIR
89,15 SCHAUSS AVENUE
90,"45 EASTERN PROM, 8D"
91,700 FARGO ELK GROVE VILLAGE
92,118-B KIRKLAND CIRCLE
93,18 HEMLOCK DRIVE
94,9931 FALL CREEK RD
95,70 OAK STREET
96,16135 COQUINA BAY LANE
97,1200 W SECOND ST
98,498 RIVER RD
99,3612 128TH STREET
100,1198 PACIFIC COAST HWY D-331
101,62 SCRIPPS RD
102,914 RIDGE ROAD
103,24 BARRY DRIVE NE
104,"495 HORIZON DR., SUITE 200"
105,8021 WING AVE
106,3125 GRESHAM LAKE RD UNIT 116
107,157 WATER ST
108,13900 S LAKES DR STE F
109,401 ROTARY STREET
110,
111,160 SOUTHBRIDGE STREET
112,108 FLORIDA AVE
113,2171 S TRENTON WAY STE 208
114,640 TAFT STREET NE
115,52 HOYCLO ROAD
116,165 HOLLAND AVE
117,9915 S. ALBURTIS AVE.
118,2060 BENNETT RD
119,
120,50 PRESIDENTIAL DRIVE
121,500 OGDEN AVE
122,
123,425 SMITH STREET
124,34 W SHEFFIELD AVE
125,16 ABERDEEN STREET
126,15495 GRAHAM ST
127,0-794 CHICAGO DRIVE
128,"23 FONTANA LANE, SUITE 109"
129,4694 WADSWORTH AVE
130,317 N WOODWORK LANE LLC 317 WOODWORK LANE
131,2725 BRANSFORD AVENUE
132,120 STANLEY ST
133,4048 W SCHUBERT
134,
135,
136,13720 E 9 MILE RD
137,1112 EAST BERKS ST.
138,788 BOOTHBAY ROAD
139,12695 NE MARX STREET
140,100 S GLOCHESKI
141,544 CLARK ROAD
142,630 W LAMBERT ROAD
143,29300 KOHOUTEK WAY STE 120
144,"4 TOWNSEND WEST, UNIT 17"
145,"469 EL CAMINO REAL, SUITE 100"
146,1101 N RADDANT ROAD
147,3109 NE 109TH AVE
148,550 S. PACIFIC STREET SUITE A100
149,520 EAST INDUSTRIAL PARK DRIVE
150,1701 STRATFORD AVENUE
151,2210 LUNDY AV
152,2621 SUMMIT AVE STE 100
153,688 PARKRIDGE AVENUE
154,50207 HAYES RD
155,1523 GEHMAN ROAD
156,177 S. OLD WOODWARD AVE.
157,1200 ROUTE 22E
158,UNIT 3A 399 H STREET
159,12603 FM 529
160,14 WOOSTER STREET
161,2359 HOLTON RD
162,4150 VIKING DRIVE
163,8708 S CONGRESS AVE
164,685 MARKET STREET
165,149 INDUSTRIAL ROAD
166,1138 HAMILTON NW
167,221 W. MAPLE AVE.
168,
169,
170,8 SHORT STREET
171,4575 WINTERS CHAPEL RD.
172,142 WEST 26TH STREET
173,12113 KIRKHAM ROAD
174,1770 MASSACHUSETTS AVE. SUITE 167
175,612 NORTH AVE E
176,356 E 600 S
177,COMPANY 2422
178,2007 WEST STATE STREET
179,4724 OAKSHIRE DR
180,6464 AROUND THE HILLS ROAD
181,50 PATTERSON AVE
182,100 SUNSET THOMPSON
183,
184,34 NORTH STREET
185,
186,"4591 WIEUCA ROAD, NE"
187,9724 PULASKI HWY
188,56 SOUTH ST
189,36 W 44 ST. STE 304
190,76BRAVE BOAT HARBOR ROAD
191,1475 STAFFORD DRIVE
192,1154 ROUTE 22 WEST
193,542 ROSE AVE
194,8082 SW NIMBUS AVE # 6-A
195,& DECOR CENTER LLC 750 SOUTH 13TH STREET
196,32 SOUTH MALL
197,
198,41 N MAIN ST
199,2218 W FRANKLIN STREET
200,
201,"118 E. HOSPITAL, STE 203"
202,1261 EAST 289 TH STREET
203,1570 THE ALAMEDA STE 150
204,"1901 E CARNEGIE AVE, UNIT 1M"
205,2080 HARTEL STREET
206,774 HWY 11 SW
207,
208,1191 HOOKSETT RD.
209,480 E TREMONT AVENUE
210,
211,3611 WATKINGS ROAD
212,
213,645 HAWAII ST
214,934 R WASHINGTON STREET
215,8936 OAK GROVE RD
216,
217,15 WEST 47TH ST STE 1807
218,12 PETRA LANE
219,1841 LANCASTER ST
220,
221,3947 AUSTIN BLVD
222,6892 SOUTHWEST FREEWAY SUITE B
223,774 HAUNTED LANE
224,25 WEST 36TH STREET
225,
226,19365 BUSINESS CENTER DR STE 6
227,3 MOUNT AIRY DR
228,116 WEST 23RD STREET. # 500
229,748 SOUTHERN BLVD
230,140 SHERMAN ST.
231,
232,
233,
234,"399 CAMPUS DRIVE, SUITE 103"
235,505 WORCESTER ST
236,
237,840 NW 6TH
238,237 EAST 44TH STREET
239,3649 NORTH ASHLAND AVENUE
240,949 VOX HWY
241,5830 TRIANGLE DRIVE
242,
243,16086 S. HARLEM AVENUE
244,1934 W 51 ST
245,10511 FM 1960 RD
246,405 BROOME STREET
247,701 DEL NORTE
248,
249,3363 NORFOLK CHASE DR
250,330 N LANTANA ST STE 27
251,1022 N WESTERN ISLAND
252,10366 COUNTRY HORN
253,150A ANDOVER STREET
254,4926 NORTH TRYON STREET
255,35A MINEOLA AVENUE
256,92 EAST MAIN ST
257,1423 S STATE COLLEGE BLVD
258,
259,2402 VICTORY BLVD
260,140 HEAD TIDE ROAD
261,2906 WEST MORENO STREET
262,
263,1990 MARLTON PIKE E STE 11
264,
265,14647 DELAWARE STREET STE 1200
266,565 E SANTA CLARA ST
267,1902 S 8TH STREET
268,969 ARSENAL ST
269,54 SIP AVE
270,G-3290 CORUNNARD
271,1800 SE 1ST STREET
272,3901 S TELEGRAPH RD
273,2409 HONOLULU AVE STE. # 1
274,901 N. CENTRAL AVE
275,460 S VALLEY VIEW RD
276,1101 MELBOURNE RD SUITE 3037
277,2555 W ALAMO AVE
278,12300 INWOOD ROAD STE 160
279,6752 SHADY OAK RD
280,59 MAIN STREET
281,23360 VALENCIA BLVD # R
282,10850 SE FULLER ROAD
283,850 FALKIRK STREET
284,72 GREENWICH AVENUE
285,311 EAST MAIN STREET
286,414 E. THOMAS STREET
287,
288,802 N KELLER DR
289,8 MALVERN AVENUE
290,86 EAST 3RD STREET
291,968A MAIN STREET
292,"3710 WEST ROYAL LANE, SUITE 125"
293,5131 CYPRESS DR
294,2714 W LAKE HOUSTON PKWY STE 180
295,595 MAIN ST STE 5
296,1455 FOREST AVE
297,281 EAST BARNETT ROAD
298,10 ASHLAND ST
299,225 W. MAIN STREET
300,5939 DARWIN COURT
301,522 US HWY 9 NORTH # 198
302,647 CUSHING RD
303,
304,46 LOT FIVE RD
305,61 FOREST CTY RD
306,11 TECHNOLOGY DR
307,
308,159 NILES HILL ROAD
309,
310,29 MAYFIELD AVE UNIT A
311,495 COLUMBIA STREET
312,4360 S HAGGERTY ROAD
313,1 BRUSSELS STREET
314,594 BROADWAY
315,50 WESTVALE DR
316,550 SEAGAZE DR. APT 31
317,11767 KATY FRWY # 410
318,2043 COLORADO AVENUE STE B
319,4684 W WALTON BLVD
320,
321,13000 YOSEMITE AVE S
322,303 E STATE ST
323,
324,"3045 SYMMES RD, UNIT E"
325,76 GREEN ST
326,294 N WINOOSKI AVE
327,1600 GOLF ROAD STE 1200
328,
329,134 SE RIO CASARANO PORT
330,1725 GORSUCH AVE.
331,
332,31831 CAMINO CAPISTRANO # 300A
333,17917 DIXIE HWY
334,MN TOWER LLC 126 WEST JOHNSON AVE.
335,1065 AVENUE OF THE AMERICAS
336,10400 W. HIGGINS ROAD
337,"625 W.RIDGE PIKE, BLDG E, STE 207"
338,60 BROAD STREET 38TH FLOOR
339,30300 CHAGRIN BLVD
340,3300 EAST FIRST AVENUE STE 650
341,301 W BARBEE CHAPEL RD STE 200
342,2330 E I30 (2330 HWY 67)
343,34 SOUTHWEST PARK
344,20 SQUADRON BLVD STE 330
345,2324 LOTUS AVE.
346,1193 ROYVONNE AVE SE # 22
347,26899 NORTHWESTERN HWY. # 250
348,A ACTIVE KEY & LOCK SERVICE 2953 N ASHLAND
349,1907 WEATHERBEE DRIVE
350,
351,
352,650 E CARMEL DRIVE STE 200
353,8 KENDAL AVENUE
354,"2500 TANGLEWILDE, SUITE 431"
355,1920 WAUKEGAN RD STE 202
356,
357,16 HARVARD AVENUE
358,2126 ST JOHN RD
359,
360,1400 RESTFUL LN
361,1910 E 14TH ST
362,46 FOWLE ST
363,
364,7107 BROADWAY
365,932 SPRING ST SUITE 203
366,10961 CHICAGO DR
367,4017 CHESTERTON ST
368,12080 VALLEY BLVD
369,C/O CHRISTI BONACCORSI ONE PARKVIEW PLAZA STE 620
370,2325 S MICHIGAN AVE # 300
371,1060 EAST MONTAGIE AVENUE NORTH
372,737 W EXCHANGE ST
373,177 EAST INDUSTRIAL PARK DRIVE
374,
375,2300 POLE RD.
376,"15 EAST SALEM AVE, SUITE 302"
377,2785 FOOTHILL BLVD
378,3335 POTTER
379,12330 JAMES STREET STE B40
380,3651 LINDELL RD D1075
381,
382,6625 WAGNER WAY
383,1913 SOMERSET LANE
384,4312 ALDER PLACE
385,1777 LARIMER ST. STE 1302
386,LLC 2508 STRAWBERRY PATCH CT.
387,EDUCATION CENTER INC 1302 JW DAVIS DRIVE
388,21 RIVER ROAD
389,2718 20TH STREET STE 201
390,10212 CHESTERTON DRIVE
391,3055 W. 111TH ST. 2 SOUTH
392,6 JERUSALEM ROAD
393,1701 SANFORD RD
394,LLC 2626 WYATT DR
395,70 CAMPUS DRIVE
396,3810 BEDFORD AVE SUITE 200
397,2671 N. LINCOLN AVE. # 3S
398,2250 ARNOLD PALMER DR.
399,
400,455 N WHISMAN STE 400
401,590 3RD STREET
402,343 NORTH MAIN ST STE 201
403,229 KINGS HIGHWAY
404,
405,339 MERRIMON AVE
406,4168 VICTORY BLVD
407,2221 PEACHTREE RD SUITE D
408,16630 ASTON
409,33 BISHOP HOLLOW RD
410,1872 PLEASNTVILLE RD
411,2440 BROADWAY
412,114 WEST BOYLSTON STREET
413,"1250 H STREET NW, SUITE 1150"
414,325 WASHINGTON AVE SOUTH UNIT 393
415,388 E. VALLEY BLVD STE 210-211
416,250 MARQUETTE AVE S STE 1300
417,4 RAILROAD ST
418,1718 BELMONT AVE
419,14275 COMMERCE DRIVE
420,
421,135 BARNHILL LANE
422,1466 OLD MILL RD
423,5215 CARRIAGE DRIVE CIRCLE
424,489 LLC 7508 ASCOT CT
425,2163 JOLLY RD
426,122 WATER STREET
427,394 CHESTNUT HILL ROAD
428,174 WARREN HILL RD
429,4 VESTAL ST
430,14 BARBARA D LANE
431,138 N BRAND BLVD STE 200
432,10 CHARLOTTE STREET
433,5589 PEACHTREE ROAD
434,12 INTERCHANGE DRIVE WEST
435,
436,13601 PROVIDENCE ROAD
437,3214 HONOLULU AVE.
438,4182 N ROOSEVELT ROAD
439,89 TRAVER RD
440,11625 SPRING CYPRESS RD UNIT B
441,2565 NW LOVEJOY STREET SUITE 100
442,600 N EUCLID AVE # 202
443,870 S COLORADO BLVD
444,19 VILLAGE SQUARE
445,8811 WARREN H ABERNATHY HWY
446,600 BRIDGE PLAZA
447,10 SOUTH MAIN STREET
448,700 ALDO AVE
449,403 LITTLE EAST NECK RD
450,
451,
452,246 UNION ST
453,1114 S 11TH STREET
454,1929 CHALMERS DRIVE WEST
455,634 EUCLID AVENUE
456,2034 PLACENTIA AVENUE
457,722 ROUTE 3A SUITE 2
458,602 S CHAPEL GATE LANE
459,16 MAPLE STREET
460,1371 CLAGUE ROAD
461,127 CUSHNOC RD
462,
463,
464,15 WESTERN AVE
465,1 SUNSET DRIVE NORTH
466,30 GOOSE COVE ROAD
467,
468,96 MAIN ST
469,18515 OLD STATESVILLE RD
470,6421 ENGLISH OAK COURT
471,
472,30 B ST
473,1 ODELL PLAZA
474,1242 CARRABASSETT DRIVE
475,PO BOX 310 5972 70TH AVE
476,
477,
478,280 WATERMAN BEACH RD
479,125 DONS WAY
480,1575 BOULDER ST UNIT A
481,1100 N CHICAGO AVE
482,
483,4172 S PACIFIC COAST HWY 110
484,555 US ROUTE 1
485,5 CRESTWOOD DR
486,21320 OAKVIEW
487,
488,2 HAYES ROAD
489,5512 MEADOW RUN
490,70 ROCKVILLE ST
491,
492,2467 E LARAWAY RD
493,
494,
495,
496,6500 XENIUM LANE
497,7213 WINDMILL LANE
498,3940 PLANK ROAD STE J
499,1335 LAKESIDE DR UNIT 6
500,1 RENAISSANCE PL UNIT 911
501,2644 KNABE COURT
502,948 JAMAICA AVENUE
503,8476 S CENTRAL AVE
504,224 MINNESOTA DR
505,903 RIDGE RD
506,2560 LORAIN RD
507,3400 BISSONNET ST STE 268
508,518 STATE ST
509,1601 LOCKPORT RD
510,1620 NAOMI CT
511,140 SOUTH SUNRISE WAY
512,5482 ARROW HWY
513,110 AMBER CREEK DRIVE
514,1500 BROADWAY
515,144 GOULD STREET SUITE 152
516,285 PIEDMONT ROAD
517,7823 LUDINGTON DR
518,7221 ENGLE RD SUITE 250
519,1656-A AMEIL RD
520,5910 N CENTRAL EXPWY STE 255
521,415 CHESTNUT AVENUE
522,23 COMMERCIAL ST
523,282 MT PARAN ROAD NW
524,"12 POST OFFICE SQUARE, 6F"
525,1661 WORCESTER ROAD
526,P.O. BOX 390 1291 MAIN STREET
527,1520 WALTHAM RD
528,
529,208 EATON MOUNTAIN RD
530,2007 ENGLISH RD
531,93 INDUSTRIAL PARK RD
532,
533,"2402 ROUTE 2, SUITE G"
534,"24 BRUCE COURT, UNIT A"
535,2829 E. GRAND RIVER AVE.
536,210 DOYAL ROAD
537,27 BEECH STREET
538,
539,2012 DUNBARTON DRIVE
540,42 SWETTS POND ROAD
541,50731 WING DR
542,62 HARROB AVENUE
543,
544,
545,
546,
547,61 DEWEY AVENUE STE B
548,
549,509 S MAIN ST
550,1749 CHEROKEE
551,624 KNICKERBOCKER ST
552,837 PERFORMANCE DRIVE
553,5935 WOODLAND AVE
554,526 EDWARDS AVE
555,24 COMMERCE STREET
556,275 S VAN NESS AVE
557,1681 ELMHURST RD
558,14849 BURBANK BLVD
559,12645 N SAGUARO BLVD # 5
560,1221 S MOPAC EXPY STE 100
561,615 SPANISH OAK TRAIL
562,3933 30TH STREET
563,2120 MILLER DRIVE SUITE G
564,153 GREEN WOODS ROAD
565,2010 WEST FULTON
566,37 PAYNES WAY SUITE 001
567,"67 WEST STREET, SUITE 401 UNIT C29"
568,1828 PAMPAS AVE
569,2113 WELLS BRANCH PKWY SUITE 6050
570,4220 WYANDOT ST
571,525 W 66TH STREET
572,8820 MINER ST
573,368 BROADWAY SUITE 514
574,4627 S ALAMEDA ST
575,2950 LEONIS BLVD
576,2921 VIA
577,1681 WALTON RD
578,2302 E 38TH ST
579,STE 801
580,71 SPRING STREET
581,15300 RIDING PATH COURT
582,9034 BERMUDEZ STREET
583,280 DUFFY AVE
584,
585,7837 OCEAN GATEWAY
586,3015 S GRAND AVE
587,3209 S. LINDEN ROAD
588,8626 SEPULVEDA BLVD
589,"1080 N. BATAVIA ST, UNIT B"
590,2024 CORLIES AVENUE
591,2140 OAK INDUSTRIAL DR NE
592,2577 RESEARCH DR.
593,14504F LEE ROAD
594,13620 CRENSHAW BLVD.
595,31732 VIA ANA
596,2868 CHAPMAN ST
597,336 PINEWOODS RD
598,22 DURHAM STREET
599,4901 MORENA BLVD STE 601
600,248 STOUGHTON POND ROAD
601,1094 N OLD US 27 PO BOX 186
602,
603,13595 12TH ST
604,8312 MUIRFIELD DR
605,1683 ROUTE 17M W
606,5738 THORNWOOD DR
607,20 NASHUA ST.
608,337 SHERMAN AVENUE
609,7801 NORTH LAMAR # E190
610,1580 CHELSEA AVENUE
611,1085 LYELL AVE
612,800 FREEPORT PKWY SUITE 150
613,2565 JOHN B AVENUE
614,19 BROWN ROAD
615,AND 2220 GREEN LEAF LLC 2220 GREENLEAF STREET
616,14000 QUAILBROOK DR
617,15550-D ROCKFIELD BLVD
618,32 BLACKBURN CENTER
619,24871 GIBSON
620,25000 HENRY B. JOY BOULEVARD
621,10A MANOR PARKWAY
622,645 HAYWARD AVE N STE 645
623,12220 113TH AVE NE STE 210
624,19 PINE ROAD
625,2821 BURTON AVE.
626,5339 PROSPECT ROAD # 126
627,304 ROMA JEAN PARKWAY
628,160 SARATOGA AVENUE
629,107 ROCKY MEADOW STREET
630,185 E PAULARINO AVENUE
631,4841 INTERNATIONAL BLVD ST 105
632,67 BUCKINGHAM DR
633,15607 E. TACONY DRIVE
634,891 14TH STREET APT 3103
635,465 WINDY POINT DR
636,220 RESERVOIR RD
637,16170 SW UPPER BOONES FERRY RD
638,418 BRIDGE STREET
639,95 EAST TEN MILE RD
640,236 OLD COUNTRY RD
641,1515 S 21ST ST
642,
643,1900 SHELTON DRIVE
644,147 MAPLE ST.
645,"48 WEST 48TH STREET, STE. 1610"
646,29 W 36TH ST
647,26 DUDLEY STREET
648,2724 COUNTRY CLUB TERRACE
649,
650,603 ROYAL RD
651,306 FIFTH AVENUE
652,
653,3750 ADMIRAL DR STE 102
654,
655,1224 VETERANS BLVD
656,28 WORCESTER DRIVE
657,
658,9142 INDEPENDENCE AVE
659,223 WEST 35TH STREET
660,332-336 E COMMONWEALTH AVE
661,5 GASKILL AVENUE
662,LLC 2054
663,24-30 47TH STREET
664,2304 S. MAIN ST.
665,
666,600 SANDAU STE 400
667,2800 SAN PABLO AVE
668,1413 THOMPSON AVE SOUTH
669,2016 UTICA AVE
670,1170 NORTH LINCOLN ST STE 105
671,433 CYPRESS LANE
672,"1411 BROADWAY, 4TH FLOOR"
673,2240 E. LOCUS COURT
674,15105 MINNETONKA INDUSTRIAL RD STE 227
675,294 20TH STREET
676,3039 S BAGLEY RD
677,725 RIVER ROAD STE 105A
678,6716 ORCHARD LAKE RD
679,
680,55 CLEMENT ST.
681,83 BRIDGEWOOD LANE
682,"148 W. 37TH ST., 6TH FLOOR"
683,241 E BROOK HOLLOW DR
684,254 COMLY RD #
685,
686,8540 HORSESHOE LN
687,8902 ROBIN HILL DR
688,46 PARK DRIVE
689,119 EASY GAP ROAD
690,451 ANNURSNAC HILL RD
691,2270 STILLWELL AVE.
692,18018 PLEASANTWOOD DR
693,10101 W WINDSOR BLVD
694,2513 CONOVER AVE
695,1220 S. MAIN STREET
696,2831 CULVER ROAD
697,901 HOPETON ROAD
698,45 BISCAY RD
699,113 MYRTLE ST
700,311 N. MAIN STREET
701,127 N MAIN ST
702,508 N LA HOMA RD STE C
703,
704,2634 HENRY ST
705,2 WALL STREET
706,12000 INDIAN CREEK COURT STE B
707,123 GLENWOOD DR
708,2783 NE BUNN RD
709,2159 N RAND ROAD
710,1445 INGRID RD.
711,74 ISLAND POND ROAD
712,78 ROUTE 303
713,4355 NOTTINGHAM WAY
714,
715,3700 ATLANTA HIGHWAY
716,11600 N RODNEY PARHAM RD
717,563 MASSACHUSETTS AVE
718,31938 DAISY FIELD COURT
719,501 ROUTE 73 SOUTH
720,AID CENTER INC. 681 MAIN ST
721,1108 W ELDORADO ST
722,24141 NOVI RD
723,23407 LYONS AVE
724,1809 S CATALINA AVE
725,5100 FALLS ROAD 32 VILLAGE SQUARE
726,875 MERRIAM AVE
727,188 COMMERCE CENTER CIRCLE
728,1816 FLATBUSH AVE
729,
730,8344 BEVERLY BLVD
731,135-137 SPRING STREET
732,3120 WILMINGTON PIKE
733,1 JFK STREET
734,8 JACKSON BLVD
735,
736,31 PAGE AVENUE
737,
738,2344 VIA SEGUNDO
739,20 WEIDY ROAD
740,994 VIRGINIA AVENUE
741,
742,17571 SADDLE RIDGE CT
743,113 E MAIN ST
744,W6211 BRIDGE ROAD
745,1810 19TH STREET
746,203 SKOWHEGAN RD
747,107 SKILLMAN STREET SUITE 7B
748,4816 PODS WAY
749,398 CLARK ROAD
750,
751,
752,9900 S CHANNEL DR
753,723 QUEEN ST
754,2301 TRACY PL NW
755,
756,
757,14090 SOUTHWEST FRWY STE 300
758,1515 SOUTER
759,11836 GONTRUM ROAD
760,622 WEST COLORADO STREET
761,16255 VENTURA BLVD STE 525
762,
763,294 N WINOOSKI AVENUE
764,30 GREENFIELD STREET
765,14 FORDHAM RD
766,99 MAIN STREET
767,2060D AVENIDA DE LOS ARBOLES SUITE # 288
768,14921 RAVINIA AVENUE
769,16 COUNTRY CLUB RD
770,4 STAR CAMPS 2171 IVY RD STE 3
771,1551 W 13TH ST UNIT 308
772,2033 NORTH MAIN ST SUITE 355
773,601 S LASALLE # 400
774,120 MOUNTAIN AVE
775,534 WILLOW AVENUE 200
776,5904 WEBB BRIDGE CT
777,1826 ELM HILL PIKE
778,6 STATE ST
779,
780,5673 N BARSTOW AVE
781,
782,179 CHAMPIONSHIP WAY
783,3508 E. FLOWER ST.
784,115 EAST GRACE STREET
785,"2500 TANGLEWILDE, STE. 431"
786,951 MAMMOTH ROAD
787,11041 VANOWEN ST.
788,
789,1186 MILO RD
790,
791,865 WATERMAN AVENUE UNIT F
792,31431 RANCHO VIEJO RD. STE 102
793,6365 CAXTON STREET
794,31 STEWART ST
795,120 LINDEN ST
796,10096 HART AVE
797,
798,456 GLENBROOK RD
799,44045 GRATIOT CLINTON
800,5301 DITCHLEY ROAD
801,57-35 LAWRENCE STREET
802,22582 SW MAIN ST APT 309
803,111 CENTER PARK DRIVE STE 210
804,698 OXFORD RIDGE DR
805,20653 GOLF RIDGE CIRCLE
806,
807,33 CRESCENT ST
808,
809,2 RAVINIA DR STE 500
810,4300 FORBES BLVD. SUITE 110
811,8328 E HARTFORD DRIVE STE 102
812,1204 1ST AVENUE NE
813,644 WINDETT LANE
814,
815,1720 WASHINGTON RD
816,1100 VERMONT AVENUE NW
817,
818,"28 VERNON ST., SUITE 319"
819,1001 SE WATER AVE STE 350
820,219 BULIFANTS BOULEVARD
821,125 LAKE STREET WEST STE 212
822,530 SMITHFIELD AVENUE
823,690 AIRPARK ROAD
824,"101 MAIN ST, 14TH FL"
825,449 S PERKINS BLVD
826,104 E FREDRICKS ST
827,732 LENOX AVENUE APT B1
828,4810 BROWNSBORO RD
829,1121 18TH ST
830,320 CUMBERLAND AVE
831,10850 E TRAVERSE HWY SUITE 5595
832,5875 NEW PEACHTREE ROAD SUITE A
833,"530 B ST, STE 2300"
834,11705 WEST PICO BLVD
835,444 WASHINGTON STREET STE 520
836,2000 S MAIN
837,1 EAGLE SQUARE
838,13125 PRESTWICK DR
839,110 KOALA COVE
840,838 SOUTH BROAD STREET
841,3525 QUAKERBRIDGE ROAD
842,2600 VAN BUREN STREET
843,336 FOLSOM DR.
844,577 EAST BETHEL RD
845,
846,
847,42 STERLING STREET
848,47 DUFOUR RD
849,73 HUSTON ROAD
850,
851,1910 FIRST STREET STE 306
852,123 BONNY LN
853,54-40 MYRTLE AVENUE
854,"20333 TOMBALL PARKWAY, STE., 140"
855,16241 W. 581ST ST.
856,13402 GLEN ERICA DRIVE
857,6040 DELONG ROAD
858,274 PARK CIRCLE
859,"420 CRAIN HIGHWAY SOUTH, STE 3"
860,650 DOUGLAS DR # 101
861,"871 S. GOVERNORS AVE, STE 2"
862,403 VONDERBURG DR STE 101
863,1013 W UNIVERITY AVE SUITE 150
864,
865,14 HILLAND DRIVE
866,624 S CENTRAL AVE
867,
868,
869,14233 O'CONNELL CT # 500
870,
871,123 MAIN ST 9TH FL
872,176 E. MAIN STREET SUITE 7
873,254 RIVER STREET
874,
875,
876,
877,CAMBRIDGE PLAZA 50 E HARBOR DR
878,
879,
880,3004 TOWN LINE RD # 5
881,30 UPPER ROAD CIRCLE # 217
882,125 DONS WAY
883,1119 HEMPHILL AVE
884,622 NW 23RD AVE
885,1414 EAST MAPLE ROAD
886,75 MERIDIAN STREET
887,147 CALLS HILL ROAD
888,8935 W GRAND AVE
889,8111 GENTRY AVE
890,3113 PLAZA DRIVE
891,1040 TULUNE AVENUE
892,16308 TEJON ST
893,1585 N 4TH ST STE H
894,67 MARKET
895,232 WATER STREET
896,1029 S CLAREMONT STREET
897,5256 HEATHROW AVE
898,355 FOREST AVENUE
899,862 HIGLAND DR
900,2332 N 7TH ST
901,1682 WOODLAND DRIVE
902,905 LOWER SOUTH MAIN ST
903,3 CRICKET LN
904,1000 LINWOOD STREET
905,
906,6013 BEDFORD AVENUE
907,49 SUNNYSIDE AVE
908,146A NORTH AVENUE
909,690 HOLCOMB BRIDGE RD # 150
910,919 E 2ND AVE
911,
912,500 CANTERBURY STREET
913,5371 BANCROFT AVE.
914,18027 HWY 99 STE A
915,2803 E 208TH STREET
916,26427 HARPER AVE
917,6 SMITH AVENUE OLD
918,905 DIVISION ST.
919,123 E CARLTON ST PO BOX 651
920,101 FEDERAL ST. STE 1400
921,10389 OLD PLACERVILLE RD
922,447 E BROAD STREET
923,
924,"300 E STATE ST, STE 360"
925,
926,161 GRANITE AVE
927,3824 N. GREENVIEW AVE; # 1
