,address1,NEW ADDRESS
0,& DECOR CENTER LLC 750 SOUTH 13TH STREET,"("""", [[], ['ALPHA'], ['ALPHA'], ['ALPHA'], ['DIGIT'], ['DIR'], ['NTH', 'NUMSTR'], ['WAY']]),"
1,0-794 CHICAGO DRIVE,"("""", [['DIGIT'], ['DIGIT'], ['ALPHA'], ['WAY']]),"
2,1 BRUSSELS STREET,1 BRUSSELS STREET
3,1 EAGLE SQUARE,1 EAGLE SQUARE
4,1 JFK STREET,1 JFK STREET
5,1 ODELL PLAZA,1 ODELL PLAZA
6,1 RENAISSANCE PL UNIT 911,1 RENAISSANCE PL UNIT 911
7,1 SUNSET DRIVE NORTH,1 SUNSET DRIVE NORTH
8,10 ASHLAND ST,10 ASHLAND ST
9,10 CHARLOTTE STREET,10 CHARLOTTE STREET
10,10 SOUTH MAIN STREET,10 SOUTH MAIN STREET
11,100 S GLOCHESKI,100 S GLOCHESKI
12,100 SUNSET THOMPSON,100 SUNSET THOMPSON
13,1000 LINWOOD STREET,1000 LINWOOD STREET
14,1001 SE WATER AVE STE 350,1001 SE WATER AVE STE 350
15,10096 HART AVE,10096 HART AVE
16,101 FEDERAL ST. STE 1400,"("""", [['DIGIT'], ['ALPHA'], ['WAY', 'PRE'], ['PERIOD'], ['APT'], ['DIGIT']]),"
17,"101 MAIN ST, 14TH FL","("""", [['DIGIT'], ['ALPHA'], ['WAY', 'PRE'], ['COMMA'], ['NTH', 'NUMSTR'], ['APT']]),"
18,101-22 45TH AVENUE,"("""", [['DIGIT'], ['DIGIT'], ['NTH', 'NUMSTR'], ['WAY']]),"
19,1010 SANDHILL AVE,1010 SANDHILL AVE
20,10101 W WINDSOR BLVD,10101 W WINDSOR BLVD
21,1013 W UNIVERITY AVE SUITE 150,1013 W UNIVERITY AVE SUITE 150
22,10212 CHESTERTON DRIVE,10212 CHESTERTON DRIVE
23,1022 N WESTERN ISLAND,"("""", [['DIGIT'], ['LETTER', 'DIR'], ['ALPHA'], ['ALPHA']]),"
24,1029 S CLAREMONT STREET,1029 S CLAREMONT STREET
25,10366 COUNTRY HORN,10366 COUNTRY HORN
26,10389 OLD PLACERVILLE RD,10389 OLD PLACERVILLE RD
27,104 E FREDRICKS ST,104 E FREDRICKS ST
28,1040 TULUNE AVENUE,1040 TULUNE AVENUE
29,10400 W. HIGGINS ROAD,"("""", [['DIGIT'], ['LETTER', 'DIR'], ['PERIOD'], ['ALPHA'], ['WAY']]),"
30,10511 FM 1960 RD,"("""", [['DIGIT'], ['ALPHA'], ['DIGIT'], ['WAY']]),"
31,1060 E SPRINGFIELD RD,1060 E SPRINGFIELD RD
32,1060 EAST MONTAGIE AVENUE NORTH,1060 EAST MONTAGIE AVENUE NORTH
33,1065 AVENUE OF THE AMERICAS,"("""", [['DIGIT'], ['WAY'], ['ARTI'], ['ARTI'], ['ALPHA']]),"
34,107 ROCKY MEADOW STREET,107 ROCKY MEADOW STREET
35,107 SKILLMAN STREET SUITE 7B,107 SKILLMAN STREET SUITE 7B
36,108 FLORIDA AVE,108 FLORIDA AVE
37,"1080 N. BATAVIA ST, UNIT B","("""", [['DIGIT'], ['LETTER', 'DIR'], ['PERIOD'], ['ALPHA'], ['WAY', 'PRE'], ['COMMA'], ['APT'], ['LETTER']]),"
38,1085 LYELL AVE,1085 LYELL AVE
39,10850 E TRAVERSE HWY SUITE 5595,10850 E TRAVERSE HWY SUITE 5595
40,10850 SE FULLER ROAD,10850 SE FULLER ROAD
41,10911 W HWY 55 # 201,"("""", [['DIGIT'], ['LETTER', 'DIR'], ['WAY'], ['DIGIT'], ['POUND'], ['DIGIT']]),"
42,1094 N OLD US 27 PO BOX 186,"("""", [['DIGIT'], ['LETTER', 'DIR'], ['ALPHA'], ['ALPHA'], ['DIGIT'], ['POB0'], ['POB2'], ['DIGIT']]),"
43,10961 CHICAGO DR,10961 CHICAGO DR
44,10A MANOR PARKWAY,"[['ALNUM', 'AL_1NUM', 'NUMSTR'], ['ALPHA'], ['ALPHA']]"
45,11 ROUNDABOUT DRIVE,11 ROUNDABOUT DRIVE
46,11 TECHNOLOGY DR,11 TECHNOLOGY DR
47,110 AMBER CREEK DRIVE,110 AMBER CREEK DRIVE
48,110 KOALA COVE,110 KOALA COVE
49,1100 N CHICAGO AVE,1100 N CHICAGO AVE
50,1100 VERMONT AVENUE NW,1100 VERMONT AVENUE NW
51,1101 MELBOURNE RD SUITE 3037,1101 MELBOURNE RD SUITE 3037
52,1101 N RADDANT ROAD,1101 N RADDANT ROAD
53,11041 VANOWEN ST.,"("""", [['DIGIT'], ['ALPHA'], ['WAY', 'PRE'], ['PERIOD']]),"
54,1108 W ELDORADO ST,1108 W ELDORADO ST
55,111 CENTER PARK DRIVE STE 210,111 CENTER PARK DRIVE STE 210
56,111 ORION ST,111 ORION ST
57,1112 EAST BERKS ST.,"("""", [['DIGIT'], ['DIR'], ['ALPHA'], ['WAY', 'PRE'], ['PERIOD']]),"
58,1114 S 11TH STREET,1114 S 11TH STREET
59,1119 HEMPHILL AVE,1119 HEMPHILL AVE
60,112 SOUTH MAIN STREET # 227,112 SOUTH MAIN STREET # 227
61,1121 18TH ST,1121 18TH ST
62,113 E MAIN ST,113 E MAIN ST
63,113 MYRTLE ST,113 MYRTLE ST
64,1138 HAMILTON NW,1138 HAMILTON NW
65,114 WEST BOYLSTON STREET,114 WEST BOYLSTON STREET
66,115 EAST GRACE STREET,115 EAST GRACE STREET
67,1154 ROUTE 22 WEST,1154 ROUTE 22 WEST
68,116 WEST 23RD STREET. # 500,"("""", [['DIGIT'], ['DIR'], ['NTH', 'NUMSTR'], ['WAY'], ['PERIOD'], ['POUND'], ['DIGIT']]),"
69,11600 N RODNEY PARHAM RD,11600 N RODNEY PARHAM RD
70,11625 SPRING CYPRESS RD UNIT B,"("""", [['DIGIT'], ['ALPHA'], ['ALPHA'], ['WAY'], ['APT'], ['LETTER']]),"
71,1170 NORTH LINCOLN ST STE 105,1170 NORTH LINCOLN ST STE 105
72,11705 WEST PICO BLVD,11705 WEST PICO BLVD
73,1173 S CROCKER ST,1173 S CROCKER ST
74,11767 KATY FRWY # 410,"("""", [['DIGIT'], ['ALPHA'], ['ALPHA'], ['POUND'], ['DIGIT']]),"
75,"118 E. HOSPITAL, STE 203","("""", [['DIGIT'], ['LETTER', 'DIR'], ['PERIOD'], ['ALPHA'], ['COMMA'], ['APT'], ['DIGIT']]),"
76,118-B KIRKLAND CIRCLE,"("""", [['DIGIT'], ['LETTER'], ['ALPHA'], ['WAY']]),"
77,11836 GONTRUM ROAD,11836 GONTRUM ROAD
78,1186 MILO RD,1186 MILO RD
79,119 EASY GAP ROAD,119 EASY GAP ROAD
80,1191 HOOKSETT RD.,"("""", [['DIGIT'], ['ALPHA'], ['WAY'], ['PERIOD']]),"
81,1193 ROYVONNE AVE SE # 22,"("""", [['DIGIT'], ['ALPHA'], ['WAY'], ['DIR'], ['POUND'], ['DIGIT']]),"
82,1198 PACIFIC COAST HWY D-331,"("""", [['DIGIT'], ['ALPHA'], ['ALPHA'], ['WAY'], ['LETTER'], ['DIGIT']]),"
83,12 INTERCHANGE DRIVE WEST,12 INTERCHANGE DRIVE WEST
84,12 PETRA LANE,12 PETRA LANE
85,"12 POST OFFICE SQUARE, 6F","("""", [['DIGIT'], ['ALPHA'], ['ALPHA'], ['WAY'], ['COMMA'], ['AL_1NUM', 'NUMSTR']]),"
86,120 LINDEN ST,120 LINDEN ST
87,120 MOUNTAIN AVE,120 MOUNTAIN AVE
88,120 STANLEY ST,120 STANLEY ST
89,1200 ROUTE 22E,"("""", [['DIGIT'], ['WAY'], ['AL_1NUM', 'NUMSTR']]),"
90,1200 W SECOND ST,1200 W SECOND ST
91,12000 INDIAN CREEK COURT STE B,"("""", [['DIGIT'], ['ALPHA'], ['WAY'], ['WAY'], ['APT'], ['LETTER']]),"
92,1204 1ST AVENUE NE,1204 1ST AVENUE NE
93,12080 VALLEY BLVD,12080 VALLEY BLVD
94,12113 KIRKHAM ROAD,12113 KIRKHAM ROAD
95,122 WATER STREET,122 WATER STREET
96,1220 S. MAIN STREET,"("""", [['DIGIT'], ['LETTER', 'DIR'], ['PERIOD'], ['ALPHA'], ['WAY']]),"
97,1221 S MOPAC EXPY STE 100,"("""", [['DIGIT'], ['LETTER', 'DIR'], ['ALPHA'], ['ALPHA'], ['APT'], ['DIGIT']]),"
98,12220 113TH AVE NE STE 210,12220 113TH AVE NE STE 210
99,1224 VETERANS BLVD,1224 VETERANS BLVD
100,123 BANKER ST,123 BANKER ST
101,123 BONNY LN,123 BONNY LN
102,123 E CARLTON ST PO BOX 651,"("""", [['DIGIT'], ['LETTER', 'DIR'], ['ALPHA'], ['WAY', 'PRE'], ['POB0'], ['POB2'], ['DIGIT']]),"
103,123 GLENWOOD DR,123 GLENWOOD DR
104,123 MAIN ST 9TH FL,"("""", [['DIGIT'], ['ALPHA'], ['WAY', 'PRE'], ['NTH', 'NUMSTR'], ['APT']]),"
105,12300 INWOOD ROAD STE 160,12300 INWOOD ROAD STE 160
106,12330 JAMES STREET STE B40,12330 JAMES STREET STE B40
107,1242 CARRABASSETT DRIVE,1242 CARRABASSETT DRIVE
108,125 DONS WAY,125 DONS WAY
110,125 LAKE STREET WEST STE 212,"("""", [['DIGIT'], ['ALPHA'], ['WAY'], ['DIR'], ['APT'], ['DIGIT']]),"
111,"1250 H STREET NW, SUITE 1150","("""", [['DIGIT'], ['LETTER'], ['WAY'], ['DIR'], ['COMMA'], ['APT'], ['DIGIT']]),"
112,126 S LYNNHAVEN ROAD,126 S LYNNHAVEN ROAD
113,12603 FM 529,12603 FM 529
114,1261 EAST 289 TH STREET,1261 EAST 289 TH STREET
115,12645 N SAGUARO BLVD # 5,12645 N SAGUARO BLVD # 5
116,12695 NE MARX STREET,12695 NE MARX STREET
117,127 CUSHNOC RD,127 CUSHNOC RD
118,127 N MAIN ST,127 N MAIN ST
119,13000 YOSEMITE AVE S,13000 YOSEMITE AVE S
120,13125 PRESTWICK DR,13125 PRESTWICK DR
121,133 WATER STREET,133 WATER STREET
122,1335 LAKESIDE DR UNIT 6,1335 LAKESIDE DR UNIT 6
123,134 SE RIO CASARANO PORT,"("""", [['DIGIT'], ['DIR'], ['ALPHA'], ['ALPHA'], ['ALPHA']]),"
124,13402 GLEN ERICA DRIVE,13402 GLEN ERICA DRIVE
125,135 BARNHILL LANE,135 BARNHILL LANE
126,135-137 SPRING STREET,"("""", [['DIGIT'], ['DIGIT'], ['ALPHA'], ['WAY']]),"
127,13595 12TH ST,13595 12TH ST
128,13601 PROVIDENCE ROAD,13601 PROVIDENCE ROAD
129,13620 CRENSHAW BLVD.,"("""", [['DIGIT'], ['ALPHA'], ['WAY'], ['PERIOD']]),"
130,1371 CLAGUE ROAD,1371 CLAGUE ROAD
131,13720 E 9 MILE RD,13720 E 9 MILE RD
132,138 N BRAND BLVD STE 200,138 N BRAND BLVD STE 200
133,139 FULTON STREET # 501,139 FULTON STREET # 501
134,13900 S LAKES DR STE F,13900 S LAKES DR STE F
135,14 BARBARA D LANE,14 BARBARA D LANE
136,14 FORDHAM RD,14 FORDHAM RD
137,14 HILLAND DRIVE,14 HILLAND DRIVE
138,14 WOOSTER STREET,14 WOOSTER STREET
139,140 HEAD TIDE ROAD,140 HEAD TIDE ROAD
140,140 SHERMAN ST.,"("""", [['DIGIT'], ['ALPHA'], ['WAY', 'PRE'], ['PERIOD']]),"
141,140 SOUTH SUNRISE WAY,140 SOUTH SUNRISE WAY
142,1400 RESTFUL LN,1400 RESTFUL LN
143,14000 QUAILBROOK DR,14000 QUAILBROOK DR
144,14090 SOUTHWEST FRWY STE 300,"("""", [['DIGIT'], ['ALPHA'], ['ALPHA'], ['APT'], ['DIGIT']]),"
145,"1411 BROADWAY, 4TH FLOOR","("""", [['DIGIT'], ['ALPHA'], ['COMMA'], ['NTH', 'NUMSTR'], ['ALPHA']]),"
146,1413 THOMPSON AVE SOUTH,1413 THOMPSON AVE SOUTH
147,1414 EAST MAPLE ROAD,1414 EAST MAPLE ROAD
148,1415 S LOS ANGELES STREET # A,"("""", [['DIGIT'], ['LETTER', 'DIR'], ['ARTI'], ['ALPHA'], ['WAY'], ['POUND'], ['LETTER']]),"
149,142 WEST 26TH STREET,142 WEST 26TH STREET
150,1423 S STATE COLLEGE BLVD,1423 S STATE COLLEGE BLVD
151,14233 O'CONNELL CT # 500,"[['DIGIT'], [], ['WAY', 'ALPHA'], ['POUND'], ['DIGIT']]"
152,14275 COMMERCE DRIVE,14275 COMMERCE DRIVE
153,144 GOULD STREET SUITE 152,144 GOULD STREET SUITE 152
154,1445 INGRID RD.,"("""", [['DIGIT'], ['ALPHA'], ['WAY'], ['PERIOD']]),"
155,14504F LEE ROAD,14504F LEE ROAD
156,1455 FOREST AVE,1455 FOREST AVE
157,14647 DELAWARE STREET STE 1200,14647 DELAWARE STREET STE 1200
158,1466 OLD MILL RD,1466 OLD MILL RD
159,146A NORTH AVENUE,146A NORTH AVENUE
160,147 CALLS HILL ROAD,147 CALLS HILL ROAD
161,147 MAPLE ST.,"("""", [['DIGIT'], ['ALPHA'], ['WAY', 'PRE'], ['PERIOD']]),"
162,147 SHERMAN STREET,147 SHERMAN STREET
163,14711 SINCLAIR CIR,14711 SINCLAIR CIR
164,1475 STAFFORD DRIVE,1475 STAFFORD DRIVE
165,"148 W. 37TH ST., 6TH FLOOR","("""", [['DIGIT'], ['LETTER', 'DIR'], ['PERIOD'], ['NTH', 'NUMSTR'], ['WAY', 'PRE'], ['PERIOD'], ['COMMA'], ['NTH', 'NUMSTR'], ['ALPHA']]),"
166,14849 BURBANK BLVD,14849 BURBANK BLVD
167,149 INDUSTRIAL ROAD,149 INDUSTRIAL ROAD
168,14921 RAVINIA AVENUE,14921 RAVINIA AVENUE
169,"15 EAST SALEM AVE, SUITE 302","("""", [['DIGIT'], ['DIR'], ['ALPHA'], ['WAY'], ['COMMA'], ['APT'], ['DIGIT']]),"
170,15 SCHAUSS AVENUE,15 SCHAUSS AVENUE
171,15 WEST 47TH ST STE 1807,"("""", [['DIGIT'], ['DIR'], ['NTH', 'NUMSTR'], ['WAY', 'PRE'], ['APT'], ['DIGIT']]),"
172,15 WESTERN AVE,15 WESTERN AVE
173,1500 BROADWAY,1500 BROADWAY
174,150A ANDOVER STREET,150A ANDOVER STREET
175,15105 MINNETONKA INDUSTRIAL RD STE 227,15105 MINNETONKA INDUSTRIAL RD STE 227
176,1515 S 21ST ST,1515 S 21ST ST
177,1515 SOUTER,1515 SOUTER
178,1520 WALTHAM RD,1520 WALTHAM RD
179,1523 GEHMAN ROAD,1523 GEHMAN ROAD
180,153 GREEN WOODS ROAD,153 GREEN WOODS ROAD
181,15300 RIDING PATH COURT,15300 RIDING PATH COURT
182,15495 GRAHAM ST,15495 GRAHAM ST
183,1551 W 13TH ST UNIT 308,"("""", [['DIGIT'], ['LETTER', 'DIR'], ['NTH', 'NUMSTR'], ['WAY', 'PRE'], ['APT'], ['DIGIT']]),"
184,15550-D ROCKFIELD BLVD,"("""", [['DIGIT'], ['LETTER'], ['ALPHA'], ['WAY']]),"
185,15607 E. TACONY DRIVE,"("""", [['DIGIT'], ['LETTER', 'DIR'], ['PERIOD'], ['ALPHA'], ['WAY']]),"
186,157 WATER ST,157 WATER ST
187,1570 THE ALAMEDA STE 150,"("""", [['DIGIT'], ['ARTI'], ['ALPHA'], ['APT'], ['DIGIT']]),"
188,1575 BOULDER ST UNIT A,1575 BOULDER ST UNIT A
189,1580 CHELSEA AVENUE,1580 CHELSEA AVENUE
190,1585 N 4TH ST STE H,"("""", [['DIGIT'], ['LETTER', 'DIR'], ['NTH', 'NUMSTR'], ['WAY', 'PRE'], ['APT'], ['LETTER']]),"
191,159 NILES HILL ROAD,159 NILES HILL ROAD
192,1594 STATE RT 315,"("""", [['DIGIT'], ['ALPHA'], ['ALPHA'], ['DIGIT']]),"
193,16 ABERDEEN STREET,16 ABERDEEN STREET
194,16 COUNTRY CLUB RD,16 COUNTRY CLUB RD
195,16 HARVARD AVENUE,16 HARVARD AVENUE
196,16 MAPLE STREET,16 MAPLE STREET
197,160 SARATOGA AVENUE,160 SARATOGA AVENUE
198,160 SOUTHBRIDGE STREET,160 SOUTHBRIDGE STREET
199,1600 GOLF ROAD STE 1200,1600 GOLF ROAD STE 1200
200,1601 LOCKPORT RD,1601 LOCKPORT RD
201,16086 S. HARLEM AVENUE,"("""", [['DIGIT'], ['LETTER', 'DIR'], ['PERIOD'], ['ALPHA'], ['WAY']]),"
202,161 GRANITE AVE,161 GRANITE AVE
203,1612 FILBERT CT,1612 FILBERT CT
204,16135 COQUINA BAY LANE,16135 COQUINA BAY LANE
205,16170 SW UPPER BOONES FERRY RD,"("""", [['DIGIT'], ['DIR'], ['ALPHA'], ['ALPHA'], ['ALPHA'], ['WAY']]),"
206,1620 NAOMI CT,1620 NAOMI CT
207,16241 W. 581ST ST.,"("""", [['DIGIT'], ['LETTER', 'DIR'], ['PERIOD'], ['NTH', 'NUMSTR'], ['WAY', 'PRE'], ['PERIOD']]),"
208,16255 VENTURA BLVD STE 525,16255 VENTURA BLVD STE 525
209,16308 TEJON ST,16308 TEJON ST
210,165 HOLLAND AVE,165 HOLLAND AVE
211,1656-A AMEIL RD,"("""", [['DIGIT'], ['LETTER'], ['ALPHA'], ['WAY']]),"
212,1661 WORCESTER ROAD,1661 WORCESTER ROAD
213,16630 ASTON,16630 ASTON
214,1681 ELMHURST RD,1681 ELMHURST RD
215,1681 WALTON RD,1681 WALTON RD
216,1682 WOODLAND DRIVE,1682 WOODLAND DRIVE
217,1683 ROUTE 17M W,"("""", [['DIGIT'], ['WAY'], ['AL_1NUM', 'NUMSTR'], ['LETTER', 'DIR']]),"
218,1701 SANFORD RD,1701 SANFORD RD
219,1701 STRATFORD AVENUE,1701 STRATFORD AVENUE
220,1718 BELMONT AVE,1718 BELMONT AVE
221,1720 WASHINGTON RD,1720 WASHINGTON RD
222,1725 GORSUCH AVE.,"("""", [['DIGIT'], ['ALPHA'], ['WAY'], ['PERIOD']]),"
223,173 ORISKANY BLVD,173 ORISKANY BLVD
224,174 WARREN HILL RD,174 WARREN HILL RD
225,1749 CHEROKEE,1749 CHEROKEE
226,17571 SADDLE RIDGE CT,17571 SADDLE RIDGE CT
227,176 E. MAIN STREET SUITE 7,"("""", [['DIGIT'], ['LETTER', 'DIR'], ['PERIOD'], ['ALPHA'], ['WAY'], ['APT'], ['DIGIT']]),"
228,177 EAST INDUSTRIAL PARK DRIVE,177 EAST INDUSTRIAL PARK DRIVE
229,177 S. OLD WOODWARD AVE.,"("""", [['DIGIT'], ['LETTER', 'DIR'], ['PERIOD'], ['ALPHA'], ['ALPHA'], ['WAY'], ['PERIOD']]),"
230,1770 MASSACHUSETTS AVE. SUITE 167,"("""", [['DIGIT'], ['ALPHA'], ['WAY'], ['PERIOD'], ['APT'], ['DIGIT']]),"
231,1777 LARIMER ST. STE 1302,"("""", [['DIGIT'], ['ALPHA'], ['WAY', 'PRE'], ['PERIOD'], ['APT'], ['DIGIT']]),"
232,179 CHAMPIONSHIP WAY,179 CHAMPIONSHIP WAY
233,17917 DIXIE HWY,17917 DIXIE HWY
234,18 HEMLOCK DRIVE,18 HEMLOCK DRIVE
235,1800 SE 1ST STREET,1800 SE 1ST STREET
236,18018 PLEASANTWOOD DR,18018 PLEASANTWOOD DR
237,18027 HWY 99 STE A,18027 HWY 99 STE A
238,1806 SPRINGFIELD AVE,1806 SPRINGFIELD AVE
239,1809 S CATALINA AVE,1809 S CATALINA AVE
240,1810 19TH STREET,1810 19TH STREET
241,1816 FLATBUSH AVE,1816 FLATBUSH AVE
242,1822 THUNDERBIRD AVE,1822 THUNDERBIRD AVE
243,1826 ELM HILL PIKE,1826 ELM HILL PIKE
244,1828 PAMPAS AVE,1828 PAMPAS AVE
245,1841 LANCASTER ST,1841 LANCASTER ST
246,185 E PAULARINO AVENUE,185 E PAULARINO AVENUE
247,18515 OLD STATESVILLE RD,18515 OLD STATESVILLE RD
248,18675 MADRONE PKWY # 100,18675 MADRONE PKWY # 100
249,1872 PLEASNTVILLE RD,1872 PLEASNTVILLE RD
250,188 COMMERCE CENTER CIRCLE,188 COMMERCE CENTER CIRCLE
251,19 BROWN ROAD,19 BROWN ROAD
252,19 PINE ROAD,19 PINE ROAD
253,19 VILLAGE SQUARE,19 VILLAGE SQUARE
254,1900 SHELTON DRIVE,1900 SHELTON DRIVE
255,"1901 E CARNEGIE AVE, UNIT 1M","("""", [['DIGIT'], ['LETTER', 'DIR'], ['ALPHA'], ['WAY'], ['COMMA'], ['APT'], ['AL_1NUM', 'NUMSTR']]),"
256,1902 S 8TH STREET,1902 S 8TH STREET
257,1907 WEATHERBEE DRIVE,1907 WEATHERBEE DRIVE
258,1910 E 14TH ST,1910 E 14TH ST
259,1910 FIRST STREET STE 306,1910 FIRST STREET STE 306
260,1913 SOMERSET LANE,1913 SOMERSET LANE
261,1920 WAUKEGAN RD STE 202,1920 WAUKEGAN RD STE 202
262,1929 CHALMERS DRIVE WEST,1929 CHALMERS DRIVE WEST
263,1934 W 51 ST,"("""", [['DIGIT'], ['LETTER', 'DIR'], ['DIGIT'], ['WAY', 'PRE']]),"
264,19365 BUSINESS CENTER DR STE 6,19365 BUSINESS CENTER DR STE 6
265,1990 MARLTON PIKE E STE 11,"("""", [['DIGIT'], ['ALPHA'], ['WAY'], ['LETTER', 'DIR'], ['APT'], ['DIGIT']]),"
266,2 HAYES ROAD,2 HAYES ROAD
267,2 RAVINIA DR STE 500,2 RAVINIA DR STE 500
268,2 WALL STREET,2 WALL STREET
269,20 NASHUA ST.,"("""", [['DIGIT'], ['ALPHA'], ['WAY', 'PRE'], ['PERIOD']]),"
270,20 SQUADRON BLVD STE 330,20 SQUADRON BLVD STE 330
271,20 WEIDY ROAD,20 WEIDY ROAD
272,2000 S MAIN,2000 S MAIN
273,2007 ENGLISH RD,2007 ENGLISH RD
274,2007 WEST STATE STREET,2007 WEST STATE STREET
275,201 DIXSON AVE,201 DIXSON AVE
276,2010 WEST FULTON,2010 WEST FULTON
277,2012 DUNBARTON DRIVE,2012 DUNBARTON DRIVE
278,2016 UTICA AVE,2016 UTICA AVE
279,"202 US RTE 1, BOX 360","("""", [['DIGIT'], ['ALPHA'], ['ALPHA'], ['DIGIT'], ['COMMA'], ['POB2'], ['DIGIT']]),"
280,2024 CORLIES AVENUE,2024 CORLIES AVENUE
281,203 SKOWHEGAN RD,203 SKOWHEGAN RD
282,2033 NORTH MAIN ST SUITE 355,2033 NORTH MAIN ST SUITE 355
283,"20333 TOMBALL PARKWAY, STE., 140","("""", [['DIGIT'], ['ALPHA'], ['ALPHA'], ['COMMA'], ['APT'], ['PERIOD'], ['COMMA'], ['DIGIT']]),"
284,2034 PLACENTIA AVENUE,2034 PLACENTIA AVENUE
285,2043 COLORADO AVENUE STE B,2043 COLORADO AVENUE STE B
286,2060 BENNETT RD,2060 BENNETT RD
287,2060D AVENIDA DE LOS ARBOLES SUITE # 288,"[['ALNUM', 'AL_1NUM', 'NUMSTR'], ['ALPHA'], ['ARTI', 'ALPHA'], ['ARTI', 'ALPHA'], ['ALPHA'], ['APT', 'ALPHA'], ['POUND'], ['DIGIT']]"
288,20653 GOLF RIDGE CIRCLE,20653 GOLF RIDGE CIRCLE
289,208 EATON MOUNTAIN RD,208 EATON MOUNTAIN RD
290,2080 HARTEL STREET,2080 HARTEL STREET
291,2090 COOMER ROAD,2090 COOMER ROAD
292,21 RIVER ROAD,21 RIVER ROAD
293,210 DOYAL ROAD,210 DOYAL ROAD
294,2113 WELLS BRANCH PKWY SUITE 6050,2113 WELLS BRANCH PKWY SUITE 6050
295,2120 MILLER DRIVE SUITE,"("""", [['DIGIT'], ['ALPHA'], ['WAY'], ['APT']]),"
296,2120 MILLER DRIVE SUITE G,2120 MILLER DRIVE SUITE G
297,2126 ST JOHN RD,2126 ST JOHN RD
298,21320 OAKVIEW,21320 OAKVIEW
299,2140 OAK INDUSTRIAL DR NE,2140 OAK INDUSTRIAL DR NE
300,2159 N RAND ROAD,2159 N RAND ROAD
301,2163 JOLLY RD,2163 JOLLY RD
302,2171 S TRENTON WAY STE 208,2171 S TRENTON WAY STE 208
303,219 BULIFANTS BOULEVARD,219 BULIFANTS BOULEVARD
304,22 DURHAM STREET,22 DURHAM STREET
305,220 RESERVOIR RD,220 RESERVOIR RD
306,221 W. MAPLE AVE.,"("""", [['DIGIT'], ['LETTER', 'DIR'], ['PERIOD'], ['ALPHA'], ['WAY'], ['PERIOD']]),"
307,2210 LUNDY AV,2210 LUNDY AV
308,2218 W FRANKLIN STREET,2218 W FRANKLIN STREET
309,2221 PEACHTREE RD SUITE D,2221 PEACHTREE RD SUITE D
310,223 WEST 35TH STREET,223 WEST 35TH STREET
311,224 MINNESOTA DR,224 MINNESOTA DR
312,2240 E. LOCUS COURT,"("""", [['DIGIT'], ['LETTER', 'DIR'], ['PERIOD'], ['ALPHA'], ['WAY']]),"
313,225 W. MAIN STREET,"("""", [['DIGIT'], ['LETTER', 'DIR'], ['PERIOD'], ['ALPHA'], ['WAY']]),"
314,2250 ARNOLD PALMER DR.,"("""", [['DIGIT'], ['ALPHA'], ['ALPHA'], ['WAY'], ['PERIOD']]),"
315,22582 SW MAIN ST APT 309,22582 SW MAIN ST APT 309
316,2270 STILLWELL AVE.,"("""", [['DIGIT'], ['ALPHA'], ['WAY'], ['PERIOD']]),"
317,228 EAST 45TH STREET,228 EAST 45TH STREET
318,228 RIVER ROAD,228 RIVER ROAD
319,229 KINGS HIGHWAY,229 KINGS HIGHWAY
320,23 COMMERCIAL ST,23 COMMERCIAL ST
321,"23 FONTANA LANE, SUITE 109","("""", [['DIGIT'], ['ALPHA'], ['WAY'], ['COMMA'], ['APT'], ['DIGIT']]),"
322,230 WEST 38TH STREET 8TH FLOOR,"("""", [['DIGIT'], ['DIR'], ['NTH', 'NUMSTR'], ['WAY'], ['NTH', 'NUMSTR'], ['ALPHA']]),"
323,2300 POLE RD.,"("""", [['DIGIT'], ['ALPHA'], ['WAY'], ['PERIOD']]),"
324,2301 TRACY PL NW,2301 TRACY PL NW
325,2302 E 38TH ST,2302 E 38TH ST
326,2304 S. MAIN ST.,"("""", [['DIGIT'], ['LETTER', 'DIR'], ['PERIOD'], ['ALPHA'], ['WAY', 'PRE'], ['PERIOD']]),"
327,232 WATER STREET,232 WATER STREET
328,2324 LOTUS AVE.,"("""", [['DIGIT'], ['ALPHA'], ['WAY'], ['PERIOD']]),"
329,2325 S MICHIGAN AVE # 300,2325 S MICHIGAN AVE # 300
330,2330 E I30 (2330 HWY 67),"("""", [['DIGIT'], ['LETTER', 'DIR'], ['ALNUM'], ['DIGIT'], ['WAY'], ['DIGIT']]),"
331,2332 N 7TH ST,2332 N 7TH ST
332,23360 VALENCIA BLVD # R,23360 VALENCIA BLVD # R
333,23407 LYONS AVE,23407 LYONS AVE
334,2344 VIA SEGUNDO,2344 VIA SEGUNDO
335,2359 HOLTON RD,2359 HOLTON RD
336,236 OLD COUNTRY RD,236 OLD COUNTRY RD
337,237 EAST 44TH STREET,237 EAST 44TH STREET
338,23908 INDIANWOOD ST,23908 INDIANWOOD ST
339,24 BARRY DRIVE NE,24 BARRY DRIVE NE
340,"24 BRUCE COURT, UNIT A","("""", [['DIGIT'], ['ALPHA'], ['WAY'], ['COMMA'], ['APT'], ['LETTER']]),"
341,24 COMMERCE STREET,24 COMMERCE STREET
342,24-30 47TH STREET,"("""", [['DIGIT'], ['DIGIT'], ['NTH', 'NUMSTR'], ['WAY']]),"
343,"2402 ROUTE 2, SUITE G","("""", [['DIGIT'], ['WAY'], ['DIGIT'], ['COMMA'], ['APT'], ['LETTER']]),"
344,2402 VICTORY BLVD,2402 VICTORY BLVD
345,2409 HONOLULU AVE STE. # 1,"("""", [['DIGIT'], ['ALPHA'], ['WAY'], ['APT'], ['PERIOD'], ['POUND'], ['DIGIT']]),"
346,241 E BROOK HOLLOW DR,241 E BROOK HOLLOW DR
347,24141 NOVI RD,24141 NOVI RD
348,2440 BROADWAY,2440 BROADWAY
349,246 UNION ST,246 UNION ST
350,2467 E LARAWAY RD,2467 E LARAWAY RD
351,247 WEST 37TH STREET STE 1501,"("""", [['DIGIT'], ['DIR'], ['NTH', 'NUMSTR'], ['WAY'], ['APT'], ['DIGIT']]),"
352,248 STOUGHTON POND ROAD,248 STOUGHTON POND ROAD
353,24871 GIBSON,24871 GIBSON
354,25 WEST 36TH STREET,25 WEST 36TH STREET
355,250 MARQUETTE AVE S STE 1300,"("""", [['DIGIT'], ['ALPHA'], ['WAY'], ['LETTER', 'DIR'], ['APT'], ['DIGIT']]),"
356,"2500 TANGLEWILDE, STE. 431","("""", [['DIGIT'], ['ALPHA'], ['COMMA'], ['APT'], ['PERIOD'], ['DIGIT']]),"
357,"2500 TANGLEWILDE, SUITE 431","("""", [['DIGIT'], ['ALPHA'], ['COMMA'], ['APT'], ['DIGIT']]),"
358,25000 HENRY B. JOY BOULEVARD,"("""", [['DIGIT'], ['ALPHA'], ['LETTER'], ['PERIOD'], ['ALPHA'], ['WAY']]),"
359,2513 CONOVER AVE,2513 CONOVER AVE
360,254 COMLY RD #,"("""", [['DIGIT'], ['ALPHA'], ['WAY'], ['POUND']]),"
361,254 RIVER STREET,254 RIVER STREET
362,2555 W ALAMO AVE,2555 W ALAMO AVE
363,2560 LORAIN RD,2560 LORAIN RD
364,2565 JOHN B AVENUE,2565 JOHN B AVENUE
365,2565 NW LOVEJOY STREET SUITE 100,2565 NW LOVEJOY STREET SUITE 100
366,2577 RESEARCH DR.,"("""", [['DIGIT'], ['ALPHA'], ['WAY'], ['PERIOD']]),"
367,26 DUDLEY STREET,26 DUDLEY STREET
368,2600 VAN BUREN STREET,2600 VAN BUREN STREET
369,2621 SUMMIT AVE STE 100,2621 SUMMIT AVE STE 100
370,2634 HENRY ST,2634 HENRY ST
371,26427 HARPER AVE,26427 HARPER AVE
372,2644 KNABE COURT,2644 KNABE COURT
373,2671 N. LINCOLN AVE. # 3S,"("""", [['DIGIT'], ['LETTER', 'DIR'], ['PERIOD'], ['ALPHA'], ['WAY'], ['PERIOD'], ['POUND'], ['AL_1NUM', 'NUMSTR']]),"
374,26899 NORTHWESTERN HWY. # 250,"("""", [['DIGIT'], ['ALPHA'], ['WAY'], ['PERIOD'], ['POUND'], ['DIGIT']]),"
375,27 BEECH STREET,27 BEECH STREET
376,2714 W LAKE HOUSTON PKWY STE 180,2714 W LAKE HOUSTON PKWY STE 180
377,2718 20TH STREET STE 201,2718 20TH STREET STE 201
378,2724 COUNTRY CLUB TERRACE,2724 COUNTRY CLUB TERRACE
379,2725 BRANSFORD AVENUE,2725 BRANSFORD AVENUE
380,274 PARK CIRCLE,274 PARK CIRCLE
381,275 S VAN NESS AVE,275 S VAN NESS AVE
382,2783 NE BUNN RD,2783 NE BUNN RD
383,2785 FOOTHILL BLVD,2785 FOOTHILL BLVD
384,"28 VERNON ST., SUITE 319","("""", [['DIGIT'], ['ALPHA'], ['WAY', 'PRE'], ['PERIOD'], ['COMMA'], ['APT'], ['DIGIT']]),"
385,28 WORCESTER DRIVE,28 WORCESTER DRIVE
386,280 DUFFY AVE,280 DUFFY AVE
387,280 WATERMAN BEACH RD,280 WATERMAN BEACH RD
388,2800 SAN PABLO AVE,2800 SAN PABLO AVE
389,2803 E 208TH STREET,2803 E 208TH STREET
390,281 EAST BARNETT ROAD,281 EAST BARNETT ROAD
391,282 MT PARAN ROAD NW,282 MT PARAN ROAD NW
392,2821 BURTON AVE.,"("""", [['DIGIT'], ['ALPHA'], ['WAY'], ['PERIOD']]),"
393,2829 E. GRAND RIVER AVE.,"("""", [['DIGIT'], ['LETTER', 'DIR'], ['PERIOD'], ['ALPHA'], ['ALPHA'], ['WAY'], ['PERIOD']]),"
394,2831 CULVER ROAD,2831 CULVER ROAD
395,285 PIEDMONT ROAD,285 PIEDMONT ROAD
396,2868 CHAPMAN ST,2868 CHAPMAN ST
397,29 MAYFIELD AVE UNIT A,29 MAYFIELD AVE UNIT A
398,29 W 36TH ST,29 W 36TH ST
399,2906 WEST MORENO STREET,2906 WEST MORENO STREET
400,2921 VIA,2921 VIA
401,29300 KOHOUTEK WAY STE 120,29300 KOHOUTEK WAY STE 120
402,294 20TH STREET,294 20TH STREET
403,294 N WINOOSKI AVE,294 N WINOOSKI AVE
404,294 N WINOOSKI AVENUE,294 N WINOOSKI AVENUE
405,2950 LEONIS BLVD,2950 LEONIS BLVD
406,3 CRICKET LN,3 CRICKET LN
407,3 MOUNT AIRY DR,3 MOUNT AIRY DR
408,30 B ST,30 B ST
409,30 GOOSE COVE ROAD,30 GOOSE COVE ROAD
410,30 GREENFIELD STREET,30 GREENFIELD STREET
411,30 UPPER ROAD CIRCLE # 217,"("""", [['DIGIT'], ['ALPHA'], ['WAY'], ['WAY'], ['POUND'], ['DIGIT']]),"
412,"300 E STATE ST, STE 360","("""", [['DIGIT'], ['LETTER', 'DIR'], ['ALPHA'], ['WAY', 'PRE'], ['COMMA'], ['APT'], ['DIGIT']]),"
413,3004 TOWN LINE RD # 5,"("""", [['DIGIT'], ['ALPHA'], ['ALPHA'], ['WAY'], ['POUND'], ['DIGIT']]),"
414,301 W BARBEE CHAPEL RD STE 200,301 W BARBEE CHAPEL RD STE 200
415,3015 S GRAND AVE,3015 S GRAND AVE
416,303 E STATE ST,303 E STATE ST
417,30300 CHAGRIN BLVD,30300 CHAGRIN BLVD
418,3039 S BAGLEY RD,3039 S BAGLEY RD
419,304 ROMA JEAN PARKWAY,"("""", [['DIGIT'], ['ALPHA'], ['ALPHA'], ['ALPHA']]),"
420,"3045 SYMMES RD, UNIT E","("""", [['DIGIT'], ['ALPHA'], ['WAY'], ['COMMA'], ['APT'], ['LETTER', 'DIR']]),"
421,3055 W. 111TH ST. 2 SOUTH,"("""", [['DIGIT'], ['LETTER', 'DIR'], ['PERIOD'], ['NTH', 'NUMSTR'], ['WAY', 'PRE'], ['PERIOD'], ['DIGIT'], ['DIR']]),"
422,306 FIFTH AVENUE,306 FIFTH AVENUE
423,31 PAGE AVENUE,31 PAGE AVENUE
424,31 STEWART ST,31 STEWART ST
425,3109 NE 109TH AVE,3109 NE 109TH AVE
426,311 EAST MAIN STREET,311 EAST MAIN STREET
427,311 N. MAIN STREET,"("""", [['DIGIT'], ['LETTER', 'DIR'], ['PERIOD'], ['ALPHA'], ['WAY']]),"
428,3113 PLAZA DRIVE,3113 PLAZA DRIVE
429,3120 WILMINGTON PIKE,3120 WILMINGTON PIKE
430,3125 GRESHAM LAKE RD UNIT 116,3125 GRESHAM LAKE RD UNIT 116
431,31431 RANCHO VIEJO RD. STE 102,"("""", [['DIGIT'], ['ALPHA'], ['ALPHA'], ['WAY'], ['PERIOD'], ['APT'], ['DIGIT']]),"
432,317 N WOODWORK LANE LLC 317 WOODWORK LANE,"("""", [['DIGIT'], ['LETTER', 'DIR'], ['ALPHA'], ['WAY'], ['ALPHA'], ['DIGIT'], ['ALPHA'], ['WAY']]),"
433,31732 VIA ANA,31732 VIA ANA
434,318 SOUTHBRIDGE ROAD,318 SOUTHBRIDGE ROAD
435,31831 CAMINO CAPISTRANO # 300A,"("""", [['DIGIT'], ['ALPHA'], ['ALPHA'], ['POUND'], ['AL_1NUM', 'NUMSTR']]),"
436,31938 DAISY FIELD COURT,31938 DAISY FIELD COURT
437,32 BLACKBURN CENTER,32 BLACKBURN CENTER
438,32 SOUTH MALL,32 SOUTH MALL
439,320 CUMBERLAND AVE,320 CUMBERLAND AVE
440,3209 S. LINDEN ROAD,"("""", [['DIGIT'], ['LETTER', 'DIR'], ['PERIOD'], ['ALPHA'], ['WAY']]),"
441,"321 DEAN ST., # 3","("""", [['DIGIT'], ['ALPHA'], ['WAY', 'PRE'], ['PERIOD'], ['COMMA'], ['POUND'], ['DIGIT']]),"
442,3214 HONOLULU AVE.,"("""", [['DIGIT'], ['ALPHA'], ['WAY'], ['PERIOD']]),"
443,325 WASHINGTON AVE SOUTH UNIT 393,"("""", [['DIGIT'], ['ALPHA'], ['WAY'], ['DIR'], ['APT'], ['DIGIT']]),"
444,33 BISHOP HOLLOW RD,33 BISHOP HOLLOW RD
445,33 CRESCENT ST,33 CRESCENT ST
446,330 N LANTANA ST STE 27,330 N LANTANA ST STE 27
447,3300 EAST FIRST AVENUE STE 650,3300 EAST FIRST AVENUE STE 650
448,3302 5TH AVENUE,3302 5TH AVENUE
449,332-336 E COMMONWEALTH AVE,"("""", [['DIGIT'], ['DIGIT'], ['LETTER', 'DIR'], ['ALPHA'], ['WAY']]),"
450,3335 POTTER,3335 POTTER
451,3355 N CLARK UNIT 5S,"("""", [['DIGIT'], ['LETTER', 'DIR'], ['ALPHA'], ['APT'], ['AL_1NUM', 'NUMSTR']]),"
452,336 FOLSOM DR.,"("""", [['DIGIT'], ['ALPHA'], ['WAY'], ['PERIOD']]),"
453,336 PINEWOODS RD,336 PINEWOODS RD
454,3363 NORFOLK CHASE DR,3363 NORFOLK CHASE DR
455,337 SHERMAN AVENUE,337 SHERMAN AVENUE
456,339 MERRIMON AVE,339 MERRIMON AVE
457,34 NORTH STREET,34 NORTH STREET
458,34 SOUTHWEST PARK,34 SOUTHWEST PARK
459,34 W SHEFFIELD AVE,34 W SHEFFIELD AVE
460,3400 BISSONNET ST STE 268,3400 BISSONNET ST STE 268
461,341 SURFVIEW DR,341 SURFVIEW DR
462,343 NORTH MAIN ST STE 201,343 NORTH MAIN ST STE 201
463,3500 S AVALON BOULEVARD,3500 S AVALON BOULEVARD
464,3508 E. FLOWER ST.,"("""", [['DIGIT'], ['LETTER', 'DIR'], ['PERIOD'], ['ALPHA'], ['WAY', 'PRE'], ['PERIOD']]),"
465,3525 QUAKERBRIDGE ROAD,3525 QUAKERBRIDGE ROAD
466,355 FOREST AVENUE,355 FOREST AVENUE
467,35520 FORTON COURT,35520 FORTON COURT
468,356 E 600 S,356 E 600 S
469,35A MINEOLA AVENUE,35A MINEOLA AVENUE
470,36 BALLARDVALE ST,36 BALLARDVALE ST
471,36 W 44 ST. STE 304,"("""", [['DIGIT'], ['LETTER', 'DIR'], ['DIGIT'], ['WAY', 'PRE'], ['PERIOD'], ['APT'], ['DIGIT']]),"
472,3611 WATKINGS ROAD,3611 WATKINGS ROAD
473,3612 128TH STREET,3612 128TH STREET
474,3649 NORTH ASHLAND AVENUE,3649 NORTH ASHLAND AVENUE
475,3651 LINDELL RD D1075,3651 LINDELL RD D1075
476,368 BROADWAY SUITE 514,"("""", [['DIGIT'], ['ALPHA'], ['APT'], ['DIGIT']]),"
477,37 PAYNES WAY SUITE 001,37 PAYNES WAY SUITE 001
478,3700 ATLANTA HIGHWAY,3700 ATLANTA HIGHWAY
479,"3710 WEST ROYAL LANE, SUITE 125","("""", [['DIGIT'], ['DIR'], ['ALPHA'], ['WAY'], ['COMMA'], ['APT'], ['DIGIT']]),"
480,3750 ADMIRAL DR STE 102,3750 ADMIRAL DR STE 102
481,3810 BEDFORD AVE SUITE 200,3810 BEDFORD AVE SUITE 200
482,3824 N. GREENVIEW AVE; # 1,"("""", [['DIGIT'], ['LETTER', 'DIR'], ['PERIOD'], ['ALPHA'], ['WAY'], [], ['POUND'], ['DIGIT']]),"
483,388 E. VALLEY BLVD STE 210-211,"("""", [['DIGIT'], ['LETTER', 'DIR'], ['PERIOD'], ['ALPHA'], ['WAY'], ['APT'], ['DIGIT'], ['DIGIT']]),"
484,3901 S TELEGRAPH RD,3901 S TELEGRAPH RD
485,3933 30TH STREET,3933 30TH STREET
486,394 CHESTNUT HILL ROAD,394 CHESTNUT HILL ROAD
487,3940 PLANK ROAD STE J,3940 PLANK ROAD STE J
488,3947 AUSTIN BLVD,3947 AUSTIN BLVD
489,398 CLARK ROAD,398 CLARK ROAD
490,"399 CAMPUS DRIVE, SUITE 103","("""", [['DIGIT'], ['ALPHA'], ['WAY'], ['COMMA'], ['APT'], ['DIGIT']]),"
491,4 LONGFELLOW PLACE APT 3401,4 LONGFELLOW PLACE APT 3401
492,4 RAILROAD ST,4 RAILROAD ST
493,4 STAR CAMPS 2171 IVY RD STE 3,"("""", [['DIGIT'], ['ALPHA'], ['ALPHA'], ['DIGIT'], ['ALPHA'], ['WAY'], ['APT'], ['DIGIT']]),"
494,"4 TOWNSEND WEST, UNIT 17","("""", [['DIGIT'], ['ALPHA'], ['DIR'], ['COMMA'], ['APT'], ['DIGIT']]),"
495,4 VESTAL ST,4 VESTAL ST
496,401 ROTARY STREET,401 ROTARY STREET
497,4017 CHESTERTON ST,4017 CHESTERTON ST
498,403 LITTLE EAST NECK RD,403 LITTLE EAST NECK RD
499,403 VONDERBURG DR STE 101,403 VONDERBURG DR STE 101
500,4048 W SCHUBERT,4048 W SCHUBERT
501,405 BROOME STREET,405 BROOME STREET
502,41 N MAIN ST,41 N MAIN ST
503,414 E. THOMAS STREET,"("""", [['DIGIT'], ['LETTER', 'DIR'], ['PERIOD'], ['ALPHA'], ['WAY']]),"
504,415 CHESTNUT AVENUE,415 CHESTNUT AVENUE
505,4150 VIKING DRIVE,4150 VIKING DRIVE
506,4168 VICTORY BLVD,4168 VICTORY BLVD
507,4172 S PACIFIC COAST HWY 110,"("""", [['DIGIT'], ['LETTER', 'DIR'], ['ALPHA'], ['ALPHA'], ['WAY'], ['DIGIT']]),"
508,418 BRIDGE STREET,418 BRIDGE STREET
509,4182 N ROOSEVELT ROAD,4182 N ROOSEVELT ROAD
510,42 BRIAN'S WAY,"[['DIGIT'], [], ['WAY', 'ALPHA']]"
511,42 STERLING STREET,42 STERLING STREET
512,42 SWETTS POND ROAD,42 SWETTS POND ROAD
513,"420 CRAIN HIGHWAY SOUTH, STE 3","("""", [['DIGIT'], ['ALPHA'], ['WAY'], ['DIR'], ['COMMA'], ['APT'], ['DIGIT']]),"
514,422 S. MAIN ST.,"("""", [['DIGIT'], ['LETTER', 'DIR'], ['PERIOD'], ['ALPHA'], ['WAY', 'PRE'], ['PERIOD']]),"
515,4220 WYANDOT ST,4220 WYANDOT ST
516,425 SMITH STREET,425 SMITH STREET
517,4300 FORBES BLVD. SUITE 110,"("""", [['DIGIT'], ['ALPHA'], ['WAY'], ['PERIOD'], ['APT'], ['DIGIT']]),"
518,4312 ALDER PLACE,4312 ALDER PLACE
519,433 CYPRESS LANE,433 CYPRESS LANE
520,435 E PARK CENTER CIRCLE,435 E PARK CENTER CIRCLE
521,4355 NOTTINGHAM WAY,4355 NOTTINGHAM WAY
522,436 NINTH STREET,436 NINTH STREET
523,4360 S HAGGERTY ROAD,4360 S HAGGERTY ROAD
524,44 MITCHELL RD,44 MITCHELL RD
525,44 MURPHY'S WAY,"[['DIGIT'], [], ['WAY', 'ALPHA']]"
526,4404 BOEING DRIVE,4404 BOEING DRIVE
527,44045 GRATIOT CLINTON,44045 GRATIOT CLINTON
528,444 WASHINGTON STREET STE 520,444 WASHINGTON STREET STE 520
529,447 E BROAD STREET,447 E BROAD STREET
530,449 S PERKINS BLVD,449 S PERKINS BLVD
531,45 BISCAY RD,45 BISCAY RD
532,"45 EASTERN PROM, 8D","("""", [['DIGIT'], ['ALPHA'], ['ALPHA'], ['COMMA'], ['AL_1NUM', 'NUMSTR']]),"
533,451 ANNURSNAC HILL RD,451 ANNURSNAC HILL RD
534,455 N WHISMAN STE 400,"("""", [['DIGIT'], ['LETTER', 'DIR'], ['ALPHA'], ['APT'], ['DIGIT']]),"
535,456 GLENBROOK RD,456 GLENBROOK RD
536,4575 WINTERS CHAPEL RD.,"("""", [['DIGIT'], ['ALPHA'], ['ALPHA'], ['WAY'], ['PERIOD']]),"
537,"4591 WIEUCA ROAD, NE","("""", [['DIGIT'], ['ALPHA'], ['WAY'], ['COMMA'], ['DIR']]),"
538,46 FOWLE ST,46 FOWLE ST
539,46 LOT FIVE RD,46 LOT FIVE RD
540,46 PARK DRIVE,46 PARK DRIVE
541,460 S VALLEY VIEW RD,460 S VALLEY VIEW RD
542,4627 S ALAMEDA ST,4627 S ALAMEDA ST
543,465 WINDY POINT DR,465 WINDY POINT DR
544,4684 W WALTON BLVD,4684 W WALTON BLVD
545,"469 EL CAMINO REAL, SUITE 100","("""", [['DIGIT'], ['ARTI'], ['ALPHA'], ['ALPHA'], ['COMMA'], ['APT'], ['DIGIT']]),"
546,4694 WADSWORTH AVE,4694 WADSWORTH AVE
547,47 DUFOUR RD,47 DUFOUR RD
548,"4709 GOLF ROAD, SUITE 300-A","("""", [['DIGIT'], ['ALPHA'], ['WAY'], ['COMMA'], ['APT'], ['DIGIT'], ['LETTER']]),"
549,4724 OAKSHIRE DR,4724 OAKSHIRE DR
550,477 3RD STREET,477 3RD STREET
551,4776 E JENSEN AVE,4776 E JENSEN AVE
552,"48 WEST 48TH STREET, STE. 1610","("""", [['DIGIT'], ['DIR'], ['NTH', 'NUMSTR'], ['WAY'], ['COMMA'], ['APT'], ['PERIOD'], ['DIGIT']]),"
553,480 E TREMONT AVENUE,480 E TREMONT AVENUE
554,4810 BROWNSBORO RD,4810 BROWNSBORO RD
555,4816 PODS WAY,4816 PODS WAY
556,4841 INTERNATIONAL BLVD ST 105,"("""", [['DIGIT'], ['ALPHA'], ['WAY'], ['WAY', 'PRE'], ['DIGIT']]),"
557,489 LLC 7508 ASCOT CT,"("""", [['DIGIT'], ['ALPHA'], ['DIGIT'], ['ALPHA'], ['WAY']]),"
558,49 SUNNYSIDE AVE,49 SUNNYSIDE AVE
559,4901 MORENA BLVD STE 601,4901 MORENA BLVD STE 601
560,4926 NORTH TRYON STREET,4926 NORTH TRYON STREET
561,495 COLUMBIA STREET,495 COLUMBIA STREET
562,"495 HORIZON DR., SUITE 200","("""", [['DIGIT'], ['ALPHA'], ['WAY'], ['PERIOD'], ['COMMA'], ['APT'], ['DIGIT']]),"
563,498 RIVER RD,498 RIVER RD
564,5 CRESTWOOD DR,5 CRESTWOOD DR
565,5 GASKILL AVENUE,5 GASKILL AVENUE
566,50 PATTERSON AVE,50 PATTERSON AVE
567,50 PRESIDENTIAL DRIVE,50 PRESIDENTIAL DRIVE
568,50 WESTVALE DR,50 WESTVALE DR
569,500 CANTERBURY STREET,500 CANTERBURY STREET
570,500 OGDEN AVE,500 OGDEN AVE
571,501 ROUTE 73 SOUTH,501 ROUTE 73 SOUTH
572,50207 HAYES RD,50207 HAYES RD
573,505 WORCESTER ST,505 WORCESTER ST
574,50731 WING DR,50731 WING DR
575,508 N LA HOMA RD STE C,"("""", [['DIGIT'], ['LETTER', 'DIR'], ['ARTI'], ['ALPHA'], ['WAY'], ['APT'], ['LETTER']]),"
576,509 S MAIN ST,509 S MAIN ST
577,5100 FALLS ROAD 32 VILLAGE SQUARE,"("""", [['DIGIT'], ['ALPHA'], ['WAY'], ['DIGIT'], ['WAY'], ['WAY']]),"
578,5131 CYPRESS DR,5131 CYPRESS DR
579,518 STATE ST,518 STATE ST
580,52 HOYCLO ROAD,52 HOYCLO ROAD
581,520 EAST INDUSTRIAL PARK DRIVE,520 EAST INDUSTRIAL PARK DRIVE
582,5215 CARRIAGE DRIVE CIRCLE,5215 CARRIAGE DRIVE CIRCLE
583,522 US HWY 9 NORTH # 198,"("""", [['DIGIT'], ['ALPHA'], ['WAY'], ['DIGIT'], ['DIR'], ['POUND'], ['DIGIT']]),"
584,525 W 66TH STREET,525 W 66TH STREET
585,5256 HEATHROW AVE,5256 HEATHROW AVE
586,526 EDWARDS AVE,526 EDWARDS AVE
587,"530 B ST, STE 2300","("""", [['DIGIT'], ['LETTER'], ['WAY', 'PRE'], ['COMMA'], ['APT'], ['DIGIT']]),"
588,530 SMITHFIELD AVENUE,530 SMITHFIELD AVENUE
589,5301 DITCHLEY ROAD,5301 DITCHLEY ROAD
590,5320 GULFTON STREET STE 1,5320 GULFTON STREET STE 1
591,5339 PROSPECT ROAD # 126,5339 PROSPECT ROAD # 126
592,534 WILLOW AVENUE 200,534 WILLOW AVENUE 200
593,5371 BANCROFT AVE.,"("""", [['DIGIT'], ['ALPHA'], ['WAY'], ['PERIOD']]),"
594,54 SIP AVE,54 SIP AVE
595,54-40 MYRTLE AVENUE,"("""", [['DIGIT'], ['DIGIT'], ['ALPHA'], ['WAY']]),"
596,542 ROSE AVE,542 ROSE AVE
597,544 CLARK ROAD,544 CLARK ROAD
598,5482 ARROW HWY,5482 ARROW HWY
599,55 CLEMENT ST.,"("""", [['DIGIT'], ['ALPHA'], ['WAY', 'PRE'], ['PERIOD']]),"
600,550 S. PACIFIC STREET SUITE A100,"("""", [['DIGIT'], ['LETTER', 'DIR'], ['PERIOD'], ['ALPHA'], ['WAY'], ['APT'], ['ALNUM']]),"
601,550 SEAGAZE DR. APT 31,"("""", [['DIGIT'], ['ALPHA'], ['WAY'], ['PERIOD'], ['APT'], ['DIGIT']]),"
602,5512 MEADOW RUN,5512 MEADOW RUN
603,555 US ROUTE 1,555 US ROUTE 1
604,5589 PEACHTREE ROAD,5589 PEACHTREE ROAD
605,56 SOUTH ST,56 SOUTH ST
606,563 MASSACHUSETTS AVE,563 MASSACHUSETTS AVE
607,565 E SANTA CLARA ST,565 E SANTA CLARA ST
608,5673 N BARSTOW AVE,5673 N BARSTOW AVE
609,57-35 LAWRENCE STREET,"("""", [['DIGIT'], ['DIGIT'], ['ALPHA'], ['WAY']]),"
610,5738 THORNWOOD DR,5738 THORNWOOD DR
611,577 EAST BETHEL RD,577 EAST BETHEL RD
612,5830 TRIANGLE DRIVE,5830 TRIANGLE DRIVE
613,5875 NEW PEACHTREE ROAD SUITE A,"("""", [['DIGIT'], ['ALPHA'], ['ALPHA'], ['WAY'], ['APT'], ['LETTER']]),"
614,59 MAIN STREET,59 MAIN STREET
615,590 3RD STREET,590 3RD STREET
616,5904 WEBB BRIDGE CT,5904 WEBB BRIDGE CT
617,5910 N CENTRAL EXPWY STE 255,"("""", [['DIGIT'], ['LETTER', 'DIR'], ['ALPHA'], ['ALPHA'], ['APT'], ['DIGIT']]),"
618,5935 WOODLAND AVE,5935 WOODLAND AVE
619,5939 DARWIN COURT,5939 DARWIN COURT
620,594 BROADWAY,594 BROADWAY
621,594 BROADWAY 11TH FL,"("""", [['DIGIT'], ['ALPHA'], ['NTH', 'NUMSTR'], ['APT']]),"
622,595 MAIN ST STE 5,595 MAIN ST STE 5
623,6 DUMOND ROAD,6 DUMOND ROAD
624,6 JERUSALEM ROAD,6 JERUSALEM ROAD
625,6 SMITH AVENUE OLD,"("""", [['DIGIT'], ['ALPHA'], ['WAY'], ['ALPHA']]),"
626,6 STATE ST,6 STATE ST
627,60 BROAD STREET 38TH FLOOR,"("""", [['DIGIT'], ['ALPHA'], ['WAY'], ['NTH', 'NUMSTR'], ['ALPHA']]),"
628,600 BRIDGE PLAZA,600 BRIDGE PLAZA
629,600 N EUCLID AVE # 202,600 N EUCLID AVE # 202
630,600 SANDAU STE 400,"("""", [['DIGIT'], ['ALPHA'], ['APT'], ['DIGIT']]),"
631,601 S LASALLE # 400,"("""", [['DIGIT'], ['LETTER', 'DIR'], ['ALPHA'], ['POUND'], ['DIGIT']]),"
632,6013 BEDFORD AVENUE,6013 BEDFORD AVENUE
633,602 COOPER ROAD,602 COOPER ROAD
634,602 S CHAPEL GATE LANE,602 S CHAPEL GATE LANE
635,603 ROYAL RD,603 ROYAL RD
636,6040 DELONG ROAD,6040 DELONG ROAD
637,61 DEWEY AVENUE STE B,61 DEWEY AVENUE STE B
638,61 FOREST CTY RD,61 FOREST CTY RD
639,612 NORTH AVE E,612 NORTH AVE E
640,615 SPANISH OAK TRAIL,"("""", [['DIGIT'], ['ALPHA'], ['ALPHA'], ['ALPHA']]),"
641,62 HARROB AVENUE,62 HARROB AVENUE
642,62 SCRIPPS RD,62 SCRIPPS RD
643,6203 PINE HEIGHTS DRIVE,6203 PINE HEIGHTS DRIVE
644,622 NW 23RD AVE,622 NW 23RD AVE
645,622 WEST COLORADO STREET,622 WEST COLORADO STREET
646,624 KNICKERBOCKER ST,624 KNICKERBOCKER ST
647,624 S CENTRAL AVE,624 S CENTRAL AVE
648,"625 W.RIDGE PIKE, BLDG E, STE 207","("""", [['DIGIT'], ['LETTER', 'DIR'], ['PERIOD'], ['ALPHA'], ['WAY'], ['COMMA'], ['ALPHA'], ['LETTER', 'DIR'], ['COMMA'], ['APT'], ['DIGIT']]),"
649,630 W LAMBERT ROAD,630 W LAMBERT ROAD
650,634 EUCLID AVENUE,634 EUCLID AVENUE
651,6365 CAXTON STREET,6365 CAXTON STREET
652,640 TAFT STREET NE,640 TAFT STREET NE
653,6421 ENGLISH OAK COURT,6421 ENGLISH OAK COURT
654,644 WINDETT LANE,644 WINDETT LANE
655,645 HAWAII ST,645 HAWAII ST
656,645 HAYWARD AVE N STE 645,"("""", [['DIGIT'], ['ALPHA'], ['WAY'], ['LETTER', 'DIR'], ['APT'], ['DIGIT']]),"
657,6464 AROUND THE HILLS ROAD,6464 AROUND THE HILLS ROAD
658,647 CUSHING RD,647 CUSHING RD
659,650 DOUGLAS DR # 101,650 DOUGLAS DR # 101
660,650 E CARMEL DRIVE STE 200,650 E CARMEL DRIVE STE 200
661,6500 XENIUM LANE,6500 XENIUM LANE
662,6625 WAGNER WAY,6625 WAGNER WAY
663,67 BUCKINGHAM DR,67 BUCKINGHAM DR
664,67 MARKET,67 MARKET
665,"67 WEST STREET, SUITE 401 UNIT C29","("""", [['DIGIT'], ['DIR'], ['WAY'], ['COMMA'], ['APT'], ['DIGIT'], ['APT'], ['ALNUM']]),"
666,6716 ORCHARD LAKE RD,6716 ORCHARD LAKE RD
667,6752 SHADY OAK RD,6752 SHADY OAK RD
668,6799 OAKS RD STE 200,6799 OAKS RD STE 200
669,6801 W SIDE AVE,6801 W SIDE AVE
670,685 MARKET STREET,685 MARKET STREET
671,688 PARKRIDGE AVENUE,688 PARKRIDGE AVENUE
672,6892 SOUTHWEST FREEWAY SUITE B,6892 SOUTHWEST FREEWAY SUITE B
673,690 AIRPARK ROAD,690 AIRPARK ROAD
674,690 HOLCOMB BRIDGE RD # 150,"("""", [['DIGIT'], ['ALPHA'], ['ALPHA'], ['WAY'], ['POUND'], ['DIGIT']]),"
675,698 OXFORD RIDGE DR,698 OXFORD RIDGE DR
676,70 CAMPUS DRIVE,70 CAMPUS DRIVE
677,70 OAK STREET,70 OAK STREET
678,70 ROCKVILLE ST,70 ROCKVILLE ST
679,700 ALDO AVE,700 ALDO AVE
680,700 FARGO ELK GROVE VILLAGE,700 FARGO ELK GROVE VILLAGE
681,701 DEL NORTE,701 DEL NORTE
682,71 SPRING STREET,71 SPRING STREET
683,7107 BROADWAY,7107 BROADWAY
684,7113 THREE CHOPT ROAD STE 210,7113 THREE CHOPT ROAD STE 210
685,72 GREENWICH AVENUE,72 GREENWICH AVENUE
686,7213 WINDMILL LANE,7213 WINDMILL LANE
687,722 ROUTE 3A SUITE 2,"("""", [['DIGIT'], ['WAY'], ['AL_1NUM', 'NUMSTR'], ['APT'], ['DIGIT']]),"
688,7221 ENGLE RD SUITE 250,7221 ENGLE RD SUITE 250
689,723 QUEEN ST,723 QUEEN ST
690,725 RIVER ROAD STE 105A,725 RIVER ROAD STE 105A
691,728 EAST COMMERCIAL STREET,728 EAST COMMERCIAL STREET
692,73 HUSTON ROAD,73 HUSTON ROAD
693,730 W RANDOLPH ST SUITE 300,730 W RANDOLPH ST SUITE 300
694,732 LENOX AVENUE APT B1,732 LENOX AVENUE APT B1
695,7357 MURRAY RIDGE RD,7357 MURRAY RIDGE RD
696,736 E 29TH ST,736 E 29TH ST
697,737 W EXCHANGE ST,737 W EXCHANGE ST
698,74 ISLAND POND ROAD,74 ISLAND POND ROAD
699,748 SOUTHERN BLVD,748 SOUTHERN BLVD
700,75 MERIDIAN STREET,75 MERIDIAN STREET
701,755 BANFIELD ROAD SUITE 1,755 BANFIELD ROAD SUITE 1
702,756 ROCK BRIDGE RD,756 ROCK BRIDGE RD
703,76 GREEN ST,76 GREEN ST
704,76BRAVE BOAT HARBOR ROAD,"[['ALNUM', 'NUMSTR'], ['ALPHA'], ['ALPHA'], ['WAY', 'ALPHA']]"
705,774 HAUNTED LANE,774 HAUNTED LANE
706,774 HWY 11 SW,774 HWY 11 SW
707,78 ROUTE 303,78 ROUTE 303
708,7801 NORTH LAMAR # E190,"("""", [['DIGIT'], ['DIR'], ['ALPHA'], ['POUND'], ['ALNUM']]),"
709,7823 LUDINGTON DR,7823 LUDINGTON DR
710,7837 OCEAN GATEWAY,7837 OCEAN GATEWAY
711,788 BOOTHBAY ROAD,788 BOOTHBAY ROAD
712,79 BOXWOOD ROAD,79 BOXWOOD ROAD
713,8 JACKSON BLVD,8 JACKSON BLVD
714,8 KENDAL AVENUE,8 KENDAL AVENUE
715,8 MALVERN AVENUE,8 MALVERN AVENUE
716,8 SHORT STREET,8 SHORT STREET
717,8 WINNEMAY ST APT 2,8 WINNEMAY ST APT 2
718,800 FREEPORT PKWY SUITE 150,800 FREEPORT PKWY SUITE 150
719,802 N KELLER DR,802 N KELLER DR
720,8021 WING AVE,8021 WING AVE
721,8082 SW NIMBUS AVE # 6-A,"("""", [['DIGIT'], ['DIR'], ['ALPHA'], ['WAY'], ['POUND'], ['DIGIT'], ['LETTER']]),"
722,809 A PROFESSIONAL PLACE W,809 A PROFESSIONAL PLACE W
723,8111 GENTRY AVE,8111 GENTRY AVE
724,83 BRIDGEWOOD LANE,83 BRIDGEWOOD LANE
725,8312 MUIRFIELD DR,8312 MUIRFIELD DR
726,8328 E HARTFORD DRIVE STE 102,8328 E HARTFORD DRIVE STE 102
727,8344 BEVERLY BLVD,8344 BEVERLY BLVD
728,837 PERFORMANCE DRIVE,837 PERFORMANCE DRIVE
729,838 SOUTH BROAD STREET,838 SOUTH BROAD STREET
730,8380 MIRALANI DR # A,8380 MIRALANI DR # A
731,840 NW 6TH,"("""", [['DIGIT'], ['DIR'], ['NTH', 'NUMSTR']]),"
732,8476 S CENTRAL AVE,8476 S CENTRAL AVE
733,850 FALKIRK STREET,850 FALKIRK STREET
734,8540 HORSESHOE LN,8540 HORSESHOE LN
735,86 EAST 3RD STREET,86 EAST 3RD STREET
736,862 HIGLAND DR,862 HIGLAND DR
737,8626 SEPULVEDA BLVD,8626 SEPULVEDA BLVD
738,865 WATERMAN AVENUE UNIT F,865 WATERMAN AVENUE UNIT F
739,870 S COLORADO BLVD,870 S COLORADO BLVD
740,8708 S CONGRESS AVE,8708 S CONGRESS AVE
741,"871 S. GOVERNORS AVE, STE 2","("""", [['DIGIT'], ['LETTER', 'DIR'], ['PERIOD'], ['ALPHA'], ['WAY'], ['COMMA'], ['APT'], ['DIGIT']]),"
742,875 MERRIAM AVE,875 MERRIAM AVE
743,8811 WARREN H ABERNATHY HWY,8811 WARREN H ABERNATHY HWY
744,8820 MINER ST,8820 MINER ST
745,883-889 MAIN STREET,"("""", [['DIGIT'], ['DIGIT'], ['ALPHA'], ['WAY']]),"
746,89 TRAVER RD,89 TRAVER RD
747,8902 ROBIN HILL DR,8902 ROBIN HILL DR
748,8906 S HARLEM AVE,8906 S HARLEM AVE
749,891 14TH STREET APT 3103,891 14TH STREET APT 3103
750,8935 W GRAND AVE,8935 W GRAND AVE
751,8936 OAK GROVE RD,8936 OAK GROVE RD
752,9 RING AVE,9 RING AVE
753,901 HOPETON ROAD,901 HOPETON ROAD
754,901 N. CENTRAL AVE,"("""", [['DIGIT'], ['LETTER', 'DIR'], ['PERIOD'], ['ALPHA'], ['WAY']]),"
755,903 RIDGE RD,903 RIDGE RD
756,9034 BERMUDEZ STREET,9034 BERMUDEZ STREET
757,905 DIVISION ST.,"("""", [['DIGIT'], ['ALPHA'], ['WAY', 'PRE'], ['PERIOD']]),"
758,905 LOWER SOUTH MAIN ST,905 LOWER SOUTH MAIN ST
759,9101 PERKINS ST,9101 PERKINS ST
760,914 RIDGE ROAD,914 RIDGE ROAD
761,9142 INDEPENDENCE AVE,9142 INDEPENDENCE AVE
762,919 E 2ND AVE,919 E 2ND AVE
763,92 EAST MAIN ST,92 EAST MAIN ST
764,93 INDUSTRIAL PARK RD,93 INDUSTRIAL PARK RD
765,932 SPRING ST SUITE 203,932 SPRING ST SUITE 203
766,9333 W INNISWOLD RD,9333 W INNISWOLD RD
767,934 R WASHINGTON STREET,934 R WASHINGTON STREET
768,948 JAMAICA AVENUE,948 JAMAICA AVENUE
769,949 VOX HWY,949 VOX HWY
770,95 EAST TEN MILE RD,95 EAST TEN MILE RD
771,951 MAMMOTH ROAD,951 MAMMOTH ROAD
772,9545 GROSSMONT SUMMIT DRIVE,9545 GROSSMONT SUMMIT DRIVE
773,96 MAIN ST,96 MAIN ST
774,968A MAIN STREET,968A MAIN STREET
775,969 ARSENAL ST,969 ARSENAL ST
776,9724 PULASKI HWY,9724 PULASKI HWY
777,99 MAIN STREET,99 MAIN STREET
778,9900 S CHANNEL DR,9900 S CHANNEL DR
779,9915 S. ALBURTIS AVE.,"("""", [['DIGIT'], ['LETTER', 'DIR'], ['PERIOD'], ['ALPHA'], ['WAY'], ['PERIOD']]),"
780,9931 FALL CREEK RD,9931 FALL CREEK RD
781,994 VIRGINIA AVENUE,994 VIRGINIA AVENUE
782,A ACTIVE KEY & LOCK SERVICE 2953 N ASHLAND,"("""", [['LETTER'], ['ALPHA'], ['ALPHA'], [], ['ALPHA'], ['ALPHA'], ['DIGIT'], ['LETTER', 'DIR'], ['ALPHA']]),"
783,AID CENTER INC. 681 MAIN ST,"("""", [['ALPHA'], ['ALPHA'], ['ALPHA'], ['PERIOD'], ['DIGIT'], ['ALPHA'], ['WAY', 'PRE']]),"
784,AND 2220 GREEN LEAF LLC 2220 GREENLEAF STREET,"("""", [['ALPHA'], ['DIGIT'], ['ALPHA'], ['ALPHA'], ['ALPHA'], ['DIGIT'], ['ALPHA'], ['WAY']]),"
785,C/O CHRISTI BONACCORSI ONE PARKVIEW PLAZA STE 620,"[['DELEG'], ['ALPHA'], ['ALPHA'], ['ALPHA'], ['ALPHA'], ['ALPHA'], ['APT', 'ALPHA'], ['DIGIT']]"
786,CAMBRIDGE PLAZA 50 E HARBOR DR,"("""", [['ALPHA'], ['ALPHA'], ['DIGIT'], ['LETTER', 'DIR'], ['ALPHA'], ['WAY']]),"
787,COMPANY 2422,"[['ALPHA'], ['DIGIT']]"
788,EDUCATION CENTER INC 1302 JW DAVIS DRIVE,"("""", [['ALPHA'], ['ALPHA'], ['ALPHA'], ['DIGIT'], ['ALPHA'], ['ALPHA'], ['WAY']]),"
789,G-3290 CORUNNARD,"("""", [['LETTER'], ['DIGIT'], ['ALPHA']]),"
790,LLC 2054,"[['ALPHA'], ['DIGIT']]"
791,LLC 2508 STRAWBERRY PATCH CT.,"("""", [['ALPHA'], ['DIGIT'], ['ALPHA'], ['ALPHA'], ['WAY'], ['PERIOD']]),"
792,LLC 2626 WYATT DR,"("""", [['ALPHA'], ['DIGIT'], ['ALPHA'], ['WAY']]),"
793,LLC 449 A PIGEON STREET,"("""", [['ALPHA'], ['DIGIT'], ['LETTER'], ['ALPHA'], ['WAY']]),"
794,LLC 715,"[['ALPHA'], ['DIGIT']]"
795,MN TOWER LLC 126 WEST JOHNSON AVE.,"("""", [['ALPHA'], ['ALPHA'], ['ALPHA'], ['DIGIT'], ['DIR'], ['ALPHA'], ['WAY'], ['PERIOD']]),"
796,MOUNTAIN BROOK WATER 100 AVENUE C,"("""", [['ALPHA'], ['ALPHA'], ['ALPHA'], ['DIGIT'], ['WAY'], ['LETTER']]),"
797,P.O. BOX 390 1291 MAIN STREET,"("""", [['LETTER'], ['PERIOD'], ['LETTER'], ['PERIOD'], ['POB2'], ['DIGIT'], ['DIGIT'], ['ALPHA'], ['WAY']]),"
798,PO BOX 310 5972 70TH AVE,"("""", [['POB0'], ['POB2'], ['DIGIT'], ['DIGIT'], ['NTH', 'NUMSTR'], ['WAY']]),"
799,STE 801,"[['APT', 'ALPHA'], ['DIGIT']]"
800,UNIT 3A 399 H STREET,"("""", [['APT'], ['AL_1NUM', 'NUMSTR'], ['DIGIT'], ['LETTER'], ['WAY']]),"
801,W6211 BRIDGE ROAD,W6211 BRIDGE ROAD
