ADDRESSES,EXPECTED
& DECOR CENTER LLC 750 SOUTH 13TH STREET,750 SOUTH 13TH STREET
317 N WOODWORK LANE LLC 317 WOODWORK LANE,317 N WOODWORK LANE
A ACTIVE KEY & LOCK SERVICE 2953 N ASHLAND,2953 N ASHLAND
AID CENTER INC. 681 MAIN ST,681 MAIN ST
AND 2220 GREEN LEAF LLC 2220 GREENLEAF STREET,2220 GREENLEAF STREET
C/O CHRISTI BONACCORSI ONE PARKVIEW PLAZA STE 620,ONE PARKVIEW PLAZA STE 620
CAMBRIDGE PLAZA 50 E HARBOR DR,50 E HARBOR DR,
EDUCATION CENTER INC 1302 JW DAVIS DRIVE,1302 JW DAVIS DRIVE
LLC 2508 STRAWBERRY PATCH CT.,2508 STRAWBERRY PATCH CT
LLC 2626 WYATT DR,2626 WYATT DR
LLC 449 A PIGEON STREET,449 A PIGEON STREET
MN TOWER LLC 126 WEST JOHNSON AVE.,126 WEST JOHNSON AVE
MOUNTAIN BROOK WATER 100 AVENUE C,100 AVENUE C
P.O. BOX 390 1291 MAIN STREET,1291 MAIN STREET
PO BOX 310 5972 70TH AVE,5972 70TH AVE
UNIT 3A 399 H STREET,399 H STREET
1094 N OLD US 27 PO BOX 186,1094 N OLD US 27
123 E CARLTON ST PO BOX 651,123 E CARLTON
202 US RTE 1 BOX 360,202 US RTE 1
2120 MILLER DRIVE SUITE,2120 MILLER DRIVE
254 COMLY RD #,254 COMLY RD
2330 E I30 (2330 HWY 67),2330 E I30
3824 N GREENVIEW AVE; # 1,3824 N GREENVIEW AVE # 1
4 STAR CAMPS 2171 IVY RD STE 3,2171 IVY RD STE 3
489 LLC 7508 ASCOT CT,7508 ASCOT CT
30 LENOX STREET POBOX 326,30 LENOX STREET
3735 BUCKEYSTOWN PIKE POBOX 70,3735 BUCKEYSTOWN PIKE
44225 UTICA ROAD POBOX 189002,44225 UTICA ROAD
