,ACCT_STREET_ADDR,NEW ADDRESS
0,S69 W15459 JAMESVILLE RD,S69 W15459 JAMESVILLE RD
1,N85 W16265 ARTHUR AVE,N85 W16265 ARTHUR AVE
2,W177 N1152 FAIRWAY CT,W177 N1152 FAIRWAY CT
3,N106 W1313 BRADLEY WAY,"[['ALNUM'], ['ALNUM'], ['ALPHA'], ['WORDWAY']]"
4,N8074 ROLLING HILLS DR,"[['ALNUM'], ['ALPHA'], ['ALPHA'], ['WAY']]"
5,W2987 DEER VIEW RD,"[['ALNUM'], ['ALPHA'], ['ALPHA'], ['WAY']]"
6,N1788 LILY OF THE VALLEY DR,"[['ALNUM'], ['ALPHA'], ['ARTI'], ['ARTI'], ['WORDWAY'], ['WAY']]"
7,36W170 FIELDCREST D,"[['ALNUM'], ['ALPHA'], ['LETTER']]"
8,S2873 SPRUCE ST,S2873 SPRUCE ST
9,0N468 PLEASANT HILL RD,0N468 PLEASANT HILL
10,S1456 FERRY RD STE101,S1456 FERRY RD STE101
11,27W150 ROOSEVELT RD,27W150 ROOSEVELT RD
12,N85W15800 APPLETON AVE,N85W15800 APPLETON AVE
13,19W660 DYSTRUP RD,19W660 DYSTRUP RD
14,7S672 WELTON DR,7S672 WELTON DR
15,40W222 LAFOX RD,40W222 LAFOX RD
16,3N802 BITTERSWEET RD,3N802 BITTERSWEET RD
17,W9188 SAWMILL RD,W9188 SAWMILL RD
18,W8234 STOCKBRIDGE CT,W8234 STOCKBRIDGE CT
19,S3109 ALPINE RD,S3109 ALPINE RD
20,W341S9275 CORNER CT,W341S9275 CORNER CT
21,6N707 BROOKHAVEN LN,6N707 BROOKHAVEN LN
22,E6782 BUTTERNUT RD,E6782 BUTTERNUT RD
23,N16246 LAKESHORE DR,N16246 LAKESHORE DR
24,30W110 BUTTERFIELD RD,30W110 BUTTERFIELD RD
25,N1779 COUNTY ROAD CX,"[['ALNUM'], ['ALPHA'], ['WORDWAY'], ['ALPHA']]"
26,N805 COUNTY ROAD FF,"[['ALNUM'], ['ALPHA'], ['WORDWAY'], ['ALPHA']]"
27,15N454 IL ROUTE 47,"[['ALNUM'], ['ALPHA'], ['WORDWAY'], ['DIGIT']]"
28,W11125 STATE ROAD 33,"[['ALNUM'], ['ALPHA'], ['WORDWAY'], ['DIGIT']]"
29,W1115 COUNTY ROAD W,"[['ALNUM'], ['ALPHA'], ['WORDWAY'], ['LETTER', 'DIR']]"
30,N9848 COUNTY HIGHWAY K,"[['ALNUM'], ['ALPHA'], ['WORDWAY'], ['LETTER']]"
31,N1468 COUNTY ROAD A,"[['ALNUM'], ['ALPHA'], ['WORDWAY'], ['LETTER']]"
32,W1158 SUNSET POINT CT,"[['ALNUM'], ['ALPHA'], ['WORDWAY'], ['WAY', 'APT']]"
33,43W901 MAIN STREET RD,"[['ALNUM'], ['ALPHA'], ['WORDWAY'], ['WAY']]"
34,N66W38493 N WOODLAKE CIR,"[['ALNUM'], ['LETTER', 'DIR'], ['ALPHA'], ['WAY']]"
35,W3398 S LAKESHORE DR,"[['ALNUM'], ['LETTER', 'DIR'], ['ALPHA'], ['WAY']]"
36,P228 N POLE RD,"[['ALNUM'], ['LETTER', 'DIR'], ['ALPHA'], ['WAY']]"
37,N6206 N 61ST ST,"[['ALNUM'], ['LETTER', 'DIR'], ['NTH'], ['WAY', 'PRE']]"
38,16W661 90TH ST,"[['ALNUM'], ['NTH'], ['WAY', 'PRE']]"
39,17W648 22ND ST,"[['ALNUM'], ['NTH'], ['WAY', 'PRE']]"
40,27W021 SAINT CHARLES RD,"[['ALNUM'], ['PRE'], ['ALPHA'], ['WAY']]"
41,W211N10555 PARK HILL LN,"[['ALNUM'], ['WORDWAY'], ['WAY', 'WORDWAY'], ['WAY']]"
42,PIER 17,"[['ALPHA'], ['DIGIT']]"
43,GRAND AVE PIER700E,"[['ALPHA'], ['WAY'], ['ALNUM']]"
44,LESK RT 25A THREE VILLAGE,"[['ALPHA'], ['WAY'], ['NUMS_1AL'], ['ALPHA'], ['WORDWAY']]"
45,MANSFIELD SQUARE 3324 RT 206 N,3324 RT 206 N
46,MACARTHUR MALL,"[['ALPHA'], ['WORDWAY']]"
47,JAYA & MANOJ LLC 2117 RTE 130,2117 RTE 130
48,PORTS O'CALL VILLAGE BERTH 77,"[['ALPHA'], [], ['WORDWAY'], ['ALPHA'], ['DIGIT']]"
49,THE STREETS AT SOUTHPOINT 2300,"[['ARTI'], ['ALPHA'], ['ALPHA', 'PREP'], ['ALPHA'], ['DIGIT']]"
50,THE ORCHARD TAVERN & RESTAURAN,"[['ARTI'], ['ALPHA'], ['ALPHA'], [], ['ALPHA']]"
51,97-1 FLAT ROCK HILL RD,97-1 FLAT ROCK HILL
52,16-18 VAN WETTERING PL,16-18 VAN WETTERING PL
53,6-09 FAIR LAWN AVE,6-09 FAIR LAWN AVE
54,581-83 CROSS KEYS RD,581-83 CROSS KEYS RD
55,1267-1309 SILAS DEANE HWY,1267-1309 SILAS DEANE HWY
56,177-179 HENRY JOHNSON BLVD,177-179 HENRY JOHNSON BLVD
57,440-442 NIAGARA FALLS BLVD,440-442 NIAGARA FALLS BLVD
58,1508-10 MOUNT EPHRAIM AVE,1508-10 MOUNT EPHRAIM AVE
59,254-25 HORACE HARDING BLVD,254-25 HORACE HARDING BLVD
60,104-105 CHESTERFIELD TOWNE CTR,104-105 CHESTERFIELD TOWNE CTR
61,857-863 OLD COUNTRY RD,857-863 OLD COUNTRY RD
62,4254-4256 ARTHUR KILL RD,4254-4256 ARTHUR KILL RD
63,1724-1726 SHEEPSHEAD BAY RD,1724-1726 SHEEPSHEAD BAY RD
64,575-579 GRAND CONCOURSE,"[['DIGDASH'], ['ALPHA'], ['APT']]"
65,450-106 SR 13 NORTH 213,"[['DIGDASH'], ['ALPHA'], ['DIGIT'], ['DIR'], ['DIGIT']]"
66,5-7 JOHN R ALBANESE PL,"[['DIGDASH'], ['ALPHA'], ['LETTER'], ['ALPHA'], ['WAY']]"
67,46-50 GREENE ST # 2F,46-50 GREENE ST # 2F
68,4002-4004 SPRUCE ST,4002-4004 SPRUCE ST
69,1753-1757 TARAVAL ST,1753-1757 TARAVAL ST
70,47-61 WATER ST,47-61 WATER ST
71,99-101 HIGH ST,99-101 HIGH ST
72,306-308 MARKET ST,306-308 MARKET ST
73,406-410 MAIN ST,406-410 MAIN ST
74,100-108 FERRY ST,100-108 FERRY ST
75,417-419 RIVER ST,417-419 RIVER ST
76,59-61 MORRIS ST,59-61 MORRIS ST
77,115-117 GROVE ST,115-117 GROVE ST
78,114-116 MAIN ST,114-116 MAIN ST
79,303-305 BROOME ST,303-305 BROOME ST
80,200-202 ROOSEVELT ST,200-202 ROOSEVELT ST
81,9-13 SMITH ST,9-13 SMITH ST
82,127-129 ELM ST,127-129 ELM ST
83,416-418 MAIN ST,416-418 MAIN ST
84,1230-1232 LIGHT ST,1230-1232 LIGHT ST
85,86-88 CHURCH ST,86-88 CHURCH ST
86,89-91 MAIN ST,89-91 MAIN ST
87,25-27 PEARL ST,25-27 PEARL ST
88,1170-1180 ALMA ST,1170-1180 ALMA ST
89,1133-1137 PROSPECT ST,1133-1137 PROSPECT ST
90,15-17 CENTRAL ST,15-17 CENTRAL ST
91,353-355 MAIN ST,353-355 MAIN ST
92,1111-1113 WALNUT ST,1111-1113 WALNUT ST
93,1096-1098 BERGEN ST,1096-1098 BERGEN ST
94,1016-18 RACE ST,1016-18 RACE ST
95,418-422 MAIN ST,418-422 MAIN ST
96,98-100 MAIN ST,98-100 MAIN ST
97,342-344 QUEEN ST,342-344 QUEEN ST
98,118-116 MAIN ST,118-116 MAIN ST
99,811-813 COUNTY ST,811-813 COUNTY ST
100,22-24 RACE ST,22-24 RACE ST
101,239-243 HARVARD ST,239-243 HARVARD ST
102,901-903 MAIN ST,901-903 MAIN ST
103,63-65 MAIN ST,63-65 MAIN ST
104,15-17 WASHINGTON ST,15-17 WASHINGTON ST
105,5941-49 MARKET ST,5941-49 MARKET ST
106,481-483 MAIN ST,481-483 MAIN ST
107,4214-4228 BROADWAY ST,4214-4228 BROADWAY ST
108,31-33 GENESEE ST,31-33 GENESEE ST
109,131-133 WASHINGTON ST,131-133 WASHINGTON ST
110,406-408 MAIN ST,406-408 MAIN ST
111,184-186 MAIN ST,184-186 MAIN ST
112,493-495 MARKET ST,493-495 MARKET ST
113,49-51 WARREN ST,49-51 WARREN ST
114,436-440 MAIN ST,436-440 MAIN ST
115,123-125 APPLETON ST,123-125 APPLETON ST
116,3200-3230 FUJITA ST,3200-3230 FUJITA ST
117,107-108 SAVIN HILL AVE # UNIT5,107-108 SAVIN HILL
118,107-109 CARLISLE BLVD NE,107-109 CARLISLE BLVD NE
119,1112-1120 SHEPHERD DR,1112-1120 SHEPHERD DR
120,7907-09 BERGENLINE AVE,7907-09 BERGENLINE AVE
121,932-934 PASSAIC AVE,932-934 PASSAIC AVE
122,4933-4935 BETHESDA AVE,4933-4935 BETHESDA AVE
123,10166-1016 MASON AVE,10166-1016 MASON AVE
124,16103-1610 BISCAYNE BLVD,16103-1610 BISCAYNE BLVD
125,1110-1120 WASHINGTON AVE,1110-1120 WASHINGTON AVE
126,402-404 SOUTHLAND DR,402-404 SOUTHLAND DR
127,11-35 RIVER RD,11-35 RIVER RD
128,904-906 MANOR DR,904-906 MANOR DR
129,1529-1531 CRENSHAW BLVD,1529-1531 CRENSHAW BLVD
130,3301-23 ANNAPOLIS RD,3301-23 ANNAPOLIS RD
131,415-419 MADISON AVE,415-419 MADISON AVE
132,253-255 NELSON AVE,253-255 NELSON AVE
133,59-67 LYELL AVE,59-67 LYELL AVE
134,715-719 HAMPTON DR,715-719 HAMPTON DR
135,66-68 ARLINGTON AVE,66-68 ARLINGTON AVE
136,451-455 POMPTON AVE,451-455 POMPTON AVE
137,9705-07 MILWAUKEE AVE,9705-07 MILWAUKEE AVE
138,1597-1601 PITKIN AVE,1597-1601 PITKIN AVE
139,1310-1312 FRANKFORD AVE,1310-1312 FRANKFORD AVE
140,127-129 SARATOGA AVE,127-129 SARATOGA AVE
141,13-66 HEDMAN PL,13-66 HEDMAN PL
142,174-176 BANKS XING,174-176 BANKS XING
143,1137-1139 MILWAUKEE AVE,1137-1139 MILWAUKEE AVE
144,8420-8422 MELROSE AVE,8420-8422 MELROSE AVE
145,216-218 BLOOMFIELD AVE,216-218 BLOOMFIELD AVE
146,201-203 SHADELAND AVE,201-203 SHADELAND AVE
147,198-200 CENTRAL AVE,198-200 CENTRAL AVE
148,18067-1810 DIXIE HWY,18067-1810 DIXIE HWY
149,3428-2 BEACH BLVD,3428-2 BEACH BLVD
150,148-152 NEWARK AVE,148-152 NEWARK AVE
151,1160-1162 WANTAGH AVE,1160-1162 WANTAGH AVE
152,250-260 AXMINISTER DR,250-260 AXMINISTER DR
153,213-215 HAVERFORD AVE,213-215 HAVERFORD AVE
154,928-930 AJAX AVE,928-930 AJAX AVE
155,5-14 AMAGANSETT SQ,5-14 AMAGANSETT SQ
156,21-25 BILLINGS RD,21-25 BILLINGS RD
157,5409-5411 BERGENLINE AVE,5409-5411 BERGENLINE AVE
158,248-250 LORTON AVE,248-250 LORTON AVE
159,2178-2182 KENSINGTON AVE,2178-2182 KENSINGTON AVE
160,19400-410 LIVERNOIS AVE,19400-410 LIVERNOIS AVE
161,1903-1905 HILLHURST AVE,1903-1905 HILLHURST AVE
162,51-53 COMMERCIAL AVE,51-53 COMMERCIAL AVE
163,210-51 DEVEREESE RD,210-51 DEVEREESE RD
164,3205-09 FAIRMOUNT AVE,3205-09 FAIRMOUNT AVE
165,2914-2920 FAIRFIELD AVE,2914-2920 FAIRFIELD AVE
166,1591-1599 CHICHESTER AVE,1591-1599 CHICHESTER AVE
167,2708-10 JFK BLVD,2708-10 JFK BLVD
168,6832-6836 VALJEAN AVE,6832-6836 VALJEAN AVE
169,4079-4085 HELENA RD,4079-4085 HELENA RD
170,987-989 ALLERTON AVE,987-989 ALLERTON AVE
171,2915-2917 SUDDERTH DR,2915-2917 SUDDERTH DR
172,261-267 CANAL STREET STA 8,"[['DIGDASH'], ['ALPHA'], ['WORDWAY'], ['ALPHA'], ['DIGIT']]"
173,43-51 ARLINGTON HEIGHTS RD,"[['DIGDASH'], ['ALPHA'], ['WORDWAY'], ['WAY']]"
174,351-353 BROADWAY,"[['DIGDASH'], ['ALPHA']]"
175,28-30 BROADWAY,"[['DIGDASH'], ['ALPHA']]"
176,109-05 113 STREET SOUTH OZONE PAR,"[['DIGDASH'], ['DIGIT'], ['WORDWAY'], ['DIR'], ['ALPHA'], ['ALPHA']]"
177,413-415 NORTH ST,"[['DIGDASH'], ['DIR'], ['WAY', 'PRE']]"
178,7856-7860 S COTTAGE GROVE AVE,7856-7860 S COTTAGE
179,209-211 N LONG BEACH RD,209-211 N LONG
180,3-104 W ARMY TRAIL RD,3-104 W ARMY
181,1812-14 W IRVING PARK RD,1812-14 W IRVING
182,1023-1025 N BROADWAY,1023-1025 N BROADWAY
183,93-95 S BROADWAY,93-95 S BROADWAY
184,415-417 S BROADWAY,415-417 S BROADWAY
185,628-30 S BROADWAY,628-30 S BROADWAY
186,17001-1700 E 8 MILE RD,8 MILE RD
187,220-222 S 1ST ST,220-222 S 1ST ST
188,200-202 W 1ST ST,200-202 W 1ST ST
189,2308-10 N 29TH ST,2308-10 N 29TH ST
190,1090-1092 N 1ST ST,1090-1092 N 1ST ST
191,106-108 N SAINT ASAPH ST,"[['DIGDASH'], ['LETTER', 'DIR'], ['PRE'], ['ALPHA'], ['WAY', 'PRE']]"
192,818-820 S LOS ANGELES ST,"[['DIGDASH'], ['LETTER', 'DIR'], ['SP_ARTI'], ['ALPHA'], ['WAY', 'PRE']]"
193,211-215 E VALLEY BLVD,"[['DIGDASH'], ['LETTER', 'DIR'], ['WORDWAY'], ['WAY']]"
194,316-322 12TH ST,316-322 12TH ST
195,68-18 199TH ST,68-18 199TH ST
196,6048-6050 159TH ST,6048-6050 159TH ST
197,314-316 4TH ST,314-316 4TH ST
198,261-263 12TH ST,261-263 12TH ST
199,135-16 171ST ST,135-16 171ST ST
200,506-7 18TH AVE N,506-7 18TH AVE N
201,2856-70 3RD AVE,2856-70 3RD AVE
202,17855-57 80TH AVE,17855-57 80TH AVE
203,9030-9040 LAS TUNAS DR,"[['DIGDASH'], ['SP_ARTI'], ['ALPHA'], ['WAY']]"
204,1515-1525 ROUTE 9,"[['DIGDASH'], ['WORDWAY'], ['DIGIT']]"
205,130-134 AVENUE F,"[['DIGDASH'], ['WORDWAY'], ['LETTER']]"
206,382-2 ROUTE 25A,"[['DIGDASH'], ['WORDWAY'], ['NUMS_1AL']]"
207,1941-1943 PARK ST,"[['DIGDASH'], ['WORDWAY'], ['WAY', 'PRE']]"
208,163-165 BOULEVARD,"[['DIGDASH'], ['WORDWAY']]"
209,87-82 & PARSON BLVD,"[['DIGDASH'], [], ['ALPHA'], ['WAY']]"
210,164-07 & 1 NORTHERN BLVD,1 NORTHERN BLVD
211,17 W220 22ND ST STE40,"[['DIGIT'], ['ALNUM'], ['NTH'], ['WAY', 'PRE'], ['ALNUM', 'APT_NUM']]"
212,15595 E14 ST,"[['DIGIT'], ['ALNUM'], ['WAY', 'PRE']]"
213,1307 S59TH ST,"[['DIGIT'], ['ALNUM'], ['WAY', 'PRE']]"
214,6825 R63 HWY,"[['DIGIT'], ['ALNUM'], ['WAY']]"
215,1554 G96 LN,"[['DIGIT'], ['ALNUM'], ['WAY']]"
216,9425 SW227TH TER,"[['DIGIT'], ['ALNUM'], ['WAY']]"
217,25888 FL73,"[['DIGIT'], ['ALNUM', 'APT_NUM']]"
218,28600 STEL US-98,28600 STEL
219,818 CAMINO DON JACOBO,818 CAMINO DON
220,41807 VIA SAN MIGUEL,41807 VIA
221,1227 CAMINO SAN CARLOS,1227 CAMINO
222,2225 CAMINO DEL RIO S STE A,2225 CAMINO DEL RIO S
223,318 VIA DEL  N,318 VIA
224,2710 VIA DE LA VALLE STE B130,2710 VIA
225,514 VIA DE LA VALLE STE 100,514 VIA
226,855 VIA DE LA PAZ,855 VIA
227,4211 CAMINO DE LA PLZ STE 176,4211 CAMINO
228,4211 CAMINO DE LA PLZ SPC 61,4211 CAMINO
229,4463 CAMINO DE LA PLZ,4463 CAMINO
230,309 CAMINO DE,309 CAMINO
231,4120 MAIN AT NORTH HILLS ST,4120 MAIN AT NORTH
232,170 UPPER VIA CASITAS 6,170 UPPER VIA
233,2498 MARTIN LUTHER KING JR DR STE C,2498 MARTIN LUTHER
234,2011 MARTIN LUTHER KING JR AVE SE,2011 MARTIN LUTHER
235,2765 MARTIN LUTHER KING JR AVE SE,2765 MARTIN LUTHER
236,886 MARTIN LUTHER KING JR DR SW,886 MARTIN LUTHER
237,2400 MARTIN LUTHER KING JR AVE SE,2400 MARTIN LUTHER
238,5704 MARTIN LUTHER KING JR HWY,5704 MARTIN LUTHER
239,2286 ADAM CLAYTON POWELL JR BLVD,2286 ADAM CLAYTON
240,750 MARTIN LUTHER KING JR BLVD,750 MARTIN LUTHER
241,2310 MARTIN LUTHER KING JR BLVD,2310 MARTIN LUTHER
242,2482 MARTIN LUTHER KING JR DR,2482 MARTIN LUTHER
243,3831 MARTIN LUTHER KING JR BLVD,3831 MARTIN LUTHER
244,406 MARTIN LUTHER KING JR BLVD,406 MARTIN LUTHER
245,7222 MARTIN LUTHER KING JR HWY,7222 MARTIN LUTHER
246,7101 MARTIN LUTHER KING JR WAY S,7101 MARTIN LUTHER
247,7527 MARTIN LUTHER KING JR WAY S,7527 MARTIN LUTHER
248,10184 EASTERN SHORE BLUD SUITE,10184 EASTERN SHORE
249,1555 SIMI TOWN CENTER WAY STE 125,1555 SIMI TOWN
250,301 VINEYARD TOWN CENTER WAY,301 VINEYARD TOWN
251,459 BRANDON TOWN CENTER MALL,459 BRANDON TOWN
252,8571 EASTERN MORNING RUN,8571 EASTERN MORNING
253,205 OLDE TOWNE RUN,205 OLDE TOWNE
254,13155 MOUNTAIN GLEN AIIEN,13155 MOUNTAIN GLEN
255,740 DEER LAKE RUN,740 DEER LAKE
256,219 FARM LAKE VW,219 FARM LAKE
257,85 TWIN OAKS OVAL,85 TWIN OAKS
258,2620 CHALET AU NORD,2620 CHALET AU
259,3033 SHADY KNOLL RST,3033 SHADY KNOLL
260,26 KENT TOWN MARKET,26 KENT TOWN
261,28 LAKE VIEW AVEUE,28 LAKE VIEW
262,4 GLEN COVE RISE,4 GLEN COVE
263,3 WILLIAM PACA BLDG,3 WILLIAM PACA
264,2322 LEFT FORK OF ISLAND CRK,2322 LEFT FORK
265,10000 COORS BYPASS NW STE G201,10000 COORS BYPASS NW
266,441 BUENA VISTA EAST 1,441 BUENA VISTA EAST
267,8205 CAMP BOWIE WEST BLVD STE 201,8205 CAMP BOWIE WEST
268,6418 WOODS EDGE SOUTH DR,6418 WOODS EDGE SOUTH
269,59 OLD BROADWAY E UNIT F,59 OLD BROADWAY E
270,166 CONCORD EXCHANGE N FL 2,166 CONCORD EXCHANGE N
271,445 ALBEE SUQRE  W E-33,445 ALBEE SUQRE W
272,29845 AVENIDA CIMA DEL SOL,29845 AVENIDA CIMA
273,6771 INDIAN TOWN RD STEB,6771 INDIAN TOWN RD STEB
274,7750 COUNTRY CLUB DR STEB,7750 COUNTRY CLUB DR STEB
275,14 KING ARTHUR DR APTC,14 KING ARTHUR DR APTC
276,100 OLD CHEROKEE RD STE F 33,100 OLD CHEROKEE RD STE F 33
277,34151 DATE PALM DR STE 4-H,34151 DATE PALM DR
278,6495 NEW HAMPSHIRE AVE STE 210-B,6495 NEW HAMPSHIRE AVE
279,7031 LITTLE RIVER TPKE STE 10-,7031 LITTLE RIVER TPKE
280,1100 FASHION CENTER BLVD B 10,1100 FASHION CENTER BLVD B
281,4822 GOLDEN FOOTHILL PKWY # UNIT,4822 GOLDEN FOOTHILL PKWY
282,990 SIERRA VISTA DR # 4AB,990 SIERRA VISTA DR
283,443 OPRY MILLS DR # FC-3,443 OPRY MILLS DR
284,23971 CLINTON KEITH RD # A-101,23971 CLINTON KEITH RD
285,640 NATIONAL CITY BLVD # 101-AN11,640 NATIONAL CITY BLVD
286,27946 HENRY MAYO DR SPC L-9,27946 HENRY MAYO DR SPC
287,5765 CENTENNIAL CENTER BLVD ST,5765 CENTENNIAL CENTER BLVD
288,52 OLD DOCK ROAD UNITC,52 OLD DOCK ROAD UNITC
289,1356 BIG BEND SQUARE SHOP CTR,1356 BIG BEND SQUARE
290,2300 OLD MOUNTAIN ROAD CENTRAL,2300 OLD MOUNTAIN ROAD
291,231 BELLA VISTA DRIVE FI,231 BELLA VISTA DRIVE
292,435 LAWRENCE BELL DRIVE SUITE,435 LAWRENCE BELL DRIVE
293,1821 WALDEN OFFICE SQUARE STE,1821 WALDEN OFFICE SQUARE
294,375 OLD STATE HIGHWAY 29 E,375 OLD STATE HIGHWAY 29
295,171 PASADENA TOWN SQUARE MALL STE 271,171 PASADENA TOWN SQUARE
296,171 PASADENA TOWN SQUARE MALL # 171,171 PASADENA TOWN SQUARE
297,1055 OLD HUNTERS POINT PIKE,1055 OLD HUNTERS POINT
298,2500 CLINTON SUITE E 1325,2500 CLINTON SUITE E 1325
299,571 EMBARCADERO STE D&E,571 EMBARCADERO STE D
300,3664 GOLF SIDE CIR APT 304,3664 GOLF SIDE CIR APT 304
301,32501 GORDON SIDE RD STE D,32501 GORDON SIDE RD STE D
302,130 POND SIDE TRL,130 POND SIDE TRL
303,7100 BROADWAY UNIT 8-1A,7100 BROADWAY
304,2264 GRAND CONCOURSE,2264 GRAND
305,2 TAIL OF THE FOX DR,2 TAIL
306,5315 OAKS OF ST CLAIR CIR,5315 OAKS
307,4940 SH 121 STE145,4940 SH 121
308,1613 NJ 38 UNIT5,1613 NJ 38
309,104 NC 54 STE AA,104 NC 54
310,13460 NC 50 101,13460 NC 50
311,481 BYPASS 72 NW STE 101,481 BYPASS 72
312,3702 IH 35  S STE109,3702 IH 35
313,1735 NC 152 W,1735 NC 152
314,607 HISTORIC 66 W,607 HISTORIC 66
315,12915 SH 30  S,12915 SH 30
316,16010 UPPER EAST ZAYANTE RD,16010 UPPER EAST
317,13843 CYPRESS NORTH HOUSTON RD,13843 CYPRESS NORTH
318,1 LITTLE WEST 12TH ST FL 5,1 LITTLE WEST
319,1112 TOWN EAST MALL 1112,1112 TOWN EAST
320,840 ERNEST W BARRETT PKWY NW STE 494,840 ERNEST W BARRETT PKWY NW
321,5419 CHARLES W ANDERSON LOOP,5419 CHARLES W
322,123 ASTRONAUT E S ONIZUKA ST STE 103,123 ASTRONAUT E S
323,114 ASTRONAUT E S ONIZUKA ST,114 ASTRONAUT E S
324,123 ASTRONAUT E S ONIZUKA ST,123 ASTRONAUT E S
325,1519 JOHN B WHITE SR BLVD,1519 JOHN B
326,557 WILLIAM R LATHAM SR DR,557 WILLIAM R
327,5930 LYNDON B JOHNSON FWY STE,5930 LYNDON B JOHNSON FWY
328,1926 HOSEA L WILLIAMS DR NE UNIT 170487,1926 HOSEA L WILLIAMS DR NE
329,669 THOMAS L BERKLEY WAY,669 THOMAS L
330,39887 COTE D AZURE,39887 COTE D
331,10473 RUE D FLORE,10473 RUE D
332,3066 TOP O THE WALK DR,3066 TOP O
333,20163 JOHN R ST,20163 JOHN R
334,9333 DOUBLE R BLVD STE 1700,9333 DOUBLE R
335,100 MARY D AVE APT 9,100 MARY D
336,14525 BOIS D ARC LN,14525 BOIS D
337,5947 JOHN R RD,5947 JOHN R
338,365 HARRY L DR,365 HARRY L
339,2703 JOHN R RD,2703 JOHN R
340,7591 SVL BOX,7591 SVL
341,1201 BROADWAY # U-F219,1201 BROADWAY
342,16322 AVENIDA SAN MIGUEL,16322 AVENIDA
343,5312 RUE SAINT DENIS,5312 RUE
344,216 PASEO DEL PUEBLO NORTE,216 PASEO DEL PUEBLO
345,117 PASEO DEL PUEBLO NORTE,117 PASEO DEL PUEBLO
346,311 PASEO DEL PUEBLO NORTE,311 PASEO DEL PUEBLO
347,146 PASEO DEL PUEBLO NORTE,146 PASEO DEL PUEBLO
348,120 JUAN DE FUCA WAY,120 JUAN DE FUCA
349,231 VISTA DEL LAGO WAY,231 VISTA DEL LAGO
350,15496 PASEO DE LOS ROBLES RD,15496 PASEO
351,1461 PASEO DE LAS FLORES,1461 PASEO
352,365 AVENIDA DE LOS ARBOLES,365 AVENIDA
353,35055 OLD LA HIGHWAY 16 STE 1E,35055 OLD
354,5 MILK ST UNITE 2,5 MILK ST UNITE 2
355,971 MAIN ST STEC,971 MAIN ST STEC
356,1110 BENTLEY ST STEA,1110 BENTLEY ST STEA
357,425 MAIN ST RETAIL 1,425 MAIN ST RETAIL 1
358,2244 MAIN ST SUIT 8,2244 MAIN ST SUIT 8
359,2800 JUNIPER ST BAY 2,2800 JUNIPER ST BAY 2
360,33 MARNE ST REAR,33 MARNE ST REAR
361,70 RAILROAD ST REAR,70 RAILROAD ST REAR
362,1427 SPRUCE ST BERKELEY,1427 SPRUCE ST BERKELEY
363,21645 INDIANA ST REAR,21645 INDIANA ST REAR
364,150 HALSEY ST UNIT EAST,150 HALSEY ST
365,1620 PLATTE ST STE B UNIT F,1620 PLATTE ST STE B
366,335 BANK ST APT C 2,335 BANK ST APT C 2
367,192 ANAWAN ST BLDG 65THFL,192 ANAWAN ST
368,14 HOWARD ST BLDG A-1,14 HOWARD ST
369,484 WASHINGTON ST STE B-,484 WASHINGTON ST
370,27182 MAIN ST UNIT H-100,27182 MAIN ST
371,3333 HARRISON ST UNIT I-4,3333 HARRISON ST
372,250 SPRING ST STE 7E321-325A,250 SPRING ST
373,3555 CLARES ST STE,3555 CLARES ST
374,42250 JACKSON ST 103 MB1,42250 JACKSON ST 103 MB1
375,948 CROCKER ST 3 4 5 6,948 CROCKER ST 3 4
376,805 PEACHTREE ST NE STE L-17,805 PEACHTREE ST NE
377,15200 LEICESTERSHIRE ST # UNIT,15200 LEICESTERSHIRE ST
378,419 GENTRY ST # UNIT,419 GENTRY ST
379,10 DORSET ST # 8 B,10 DORSET ST # 8
380,318 WASHINGTON ST # MALL,318 WASHINGTON ST
381,769 HAMILTON ST # S-2A,769 HAMILTON ST
382,514 OSWEGO ST FL 1 STE A,514 OSWEGO ST FL 1
383,9490 CUYMACAYA ST ST 200,9490 CUYMACAYA ST ST 200
384,614 MAIN ST FRNT,614 MAIN ST FRNT
385,8721 RED HILL COUNTRY CLUB DR,8721 RED HILL COUNTRY
386,12 GOOD HILL ESTATES RD,12 GOOD HILL ESTATES RD
387,250 SAND HILL COVE RD,250 SAND HILL COVE RD
388,585 ROCK HILL CHURCH RD,585 ROCK HILL CHURCH RD
389,2488 COBBLE HILL ALCOVE,2488 COBBLE HILL ALCOVE
390,7100 FOUNDRY ROW STE S-226,7100 FOUNDRY ROW
391,651 CANNERY ROW # B-1D,651 CANNERY ROW
392,33 BLUE HILL RD MONTEREY,33 BLUE HILL RD
393,796 PLEASANT HILL RD NW STE B,796 PLEASANT HILL RD NW
394,5225 POOKS HILL RD # C-05,5225 POOKS HILL RD
395,17300 RED HILL AVE ST 190,17300 RED HILL AVE
396,3 OAK HILL RD EXT,3 OAK HILL RD
397,1720 MARS HILL ROAD SUTE 8-373,1720 MARS HILL ROAD
398,195 TUNXIS HILL ROAD CUTOFF  S,195 TUNXIS HILL ROAD
399,4520 MINT HILL VILLAGE LN STE,4520 MINT HILL VILLAGE
400,13260 HALLS HILL PIKE,13260 HALLS HILL PIKE
401,19338 CYPRESS HILL WAY,19338 CYPRESS HILL WAY
402,21308 CALISTOGA RD STEB,21308 CALISTOGA RD STEB
403,417 GENTRY RD BLDGC,417 GENTRY RD BLDGC
404,312 OTTERSON DR STEO,312 OTTERSON DR STEO
405,9975 WADSWORTH PKWY UNITC,9975 WADSWORTH PKWY UNITC
406,2524 TOWNSGATE RD STEC,2524 TOWNSGATE RD STEC
407,19605 INDUSTRIAL DR STEE,19605 INDUSTRIAL DR STEE
408,141 ASSUMA RD STEA,141 ASSUMA RD STEA
409,4000 DUTCHMANS LN UNITC,4000 DUTCHMANS LN UNITC
410,65 GOVERNORS PL AT WATERF,65 GOVERNORS PL AT
411,4400 SHARON RD FOODCOURT VC08,4400 SHARON RD FOODCOURT VC08
412,2105 EDISON HWY ESP B2,2105 EDISON HWY ESP B2
413,11709 FRUEHAUF DR SUITES 109I1,11709 FRUEHAUF DR SUITES 109I1
414,1647 REV DR RANSOM HOWARD ST,1647 REV DR RANSOM
415,8626 QUAILMONT DR MISSOURI CITY,8626 QUAILMONT DR MISSOURI
416,12225 VOYAGER PKWY SET 16,12225 VOYAGER PKWY SET 16
417,2400 CLARENDON BLVD PH 9,2400 CLARENDON BLVD PH 9
418,1250 WATERS PL PH 1,1250 WATERS PL PH 1
419,15 LAUREL CYN VILLC 108,15 LAUREL CYN VILLC 108
420,103 DANBURY RD STORE B,103 DANBURY RD STORE B
421,939 PROVIDENCE SQ SHOPPING CTR,939 PROVIDENCE SQ SHOPPING CTR
422,847 FOREST RD NORTHFORD,847 FOREST RD NORTHFORD
423,3982 BAY RD SAGINAW,3982 BAY RD SAGINAW
424,1151 MEADOW DR GRAND,1151 MEADOW DR GRAND
425,15431 BORGES DR MOORPARK,15431 BORGES DR MOORPARK
426,2516 JACOBSON DR LEWISVILLE,2516 JACOBSON DR LEWISVILLE
427,40 HUBBELL AVE UPPR,40 HUBBELL AVE UPPR
428,19966 INLET RD CONNEAUTVILLE,19966 INLET RD CONNEAUTVILLE
429,4929 LANKERSHIM BLVD UNITS A & B,4929 LANKERSHIM BLVD UNITS A
430,7845 COLONY RD STE C4 212,7845 COLONY RD STE C4
431,1977 BUTLER BLVD STE E1 105,1977 BUTLER BLVD STE E1
432,9200 BOLSA AVE STE 227 BOOTH 4,9200 BOLSA AVE STE 227
433,90 DAYTON AVE STE 6 STE 71,90 DAYTON AVE STE 6 STE 71
434,110 HARMON DR BLDG 2 UNIT 202,110 HARMON DR BLDG 2 UNIT 202
435,413 CENTRAL AVE STE 12 APT 10,413 CENTRAL AVE STE 12 APT 10
436,500 BIC DR BLDG 2 STE 1,500 BIC DR BLDG 2 STE 1
437,413 CENTRAL AVE STE 4 APT 102,413 CENTRAL AVE STE 4 APT 102
438,2000 WINDY TER BLDG 22 UNIT C,2000 WINDY TER BLDG 22
439,885 WOODSTOCK RD STE 430 370,885 WOODSTOCK RD STE 430 370
440,791 ELMGROVE RD BLDG 1 FL 2,791 ELMGROVE RD BLDG 1 FL 2
441,23585 OVERLAND DR STE 128&162,23585 OVERLAND DR STE 128
442,578 SANDRIDGE RD STE 1&2,578 SANDRIDGE RD STE 1
443,12999 MURPHY RD STE N 11,12999 MURPHY RD STE N 11
444,590 SALT RD BLDG D STE 33,590 SALT RD BLDG D
445,8000 MADISON BLVD STE C 105,8000 MADISON BLVD STE C 105
446,801 NASH RD UNIT I 2,801 NASH RD UNIT I 2
447,2956 GINNALA DR UNIT B 1,2956 GINNALA DR UNIT B 1
448,1079 SUNRISE AVE STE B 213,1079 SUNRISE AVE STE B 213
449,1511 SYCAMORE AVE STE M 266,1511 SYCAMORE AVE STE M 266
450,69 LINCOLN BLVD STE A 194,69 LINCOLN BLVD STE A 194
451,27371 JEFFERSON AVE STE R&S,27371 JEFFERSON AVE STE R
452,695 SATURN BLVD STE F & G,695 SATURN BLVD STE F
453,5845 STEEPLECHASE BLVD STE 400D & E,5845 STEEPLECHASE BLVD STE 400D
454,15 PROSPECT LN STE 2AB,15 PROSPECT LN
455,14101 SULLYFIELD CIR STE 340-V,14101 SULLYFIELD CIR
456,6500 DUBLIN BLVD STE 200-F,6500 DUBLIN BLVD
457,6831 LONETREE BLVD STE E-102,6831 LONETREE BLVD
458,17774 PRESTON RD STE 2-B,17774 PRESTON RD
459,418 CERRILLOS RD STE 01F-A/B,418 CERRILLOS RD
460,1376 CENTENNIAL AVE UNIT B1-A,1376 CENTENNIAL AVE
461,7355 RALSTON RD UNIT R-900,7355 RALSTON RD
462,12320 BELLAIRE BLVD STE A-1B,12320 BELLAIRE BLVD
463,11671 STERLING AVE STE D/E,11671 STERLING AVE
464,11209 BELLAIRE BLVD STE C-10,11209 BELLAIRE BLVD
465,8362 TAMARACK VLG STE 119-,8362 TAMARACK VLG
466,9889 BELLAIRE BLVD STE B-24E,9889 BELLAIRE BLVD
467,1129 OLIVE DR STE A-B,1129 OLIVE DR
468,1801 REDONDO CIR UNIT,1801 REDONDO CIR
469,5229 FISHER DR THE COLONY,5229 FISHER DR
470,7414 STEEPLE BRK C/O WESAM AZIZ,7414 STEEPLE BRK
471,14 WELLINGTON LN CO DUCKSTEIN,14 WELLINGTON LN
472,1400 NASA RD 1 STEG,1400 NASA RD 1 STEG
473,1615 STATE HWY 17 UNITS 10&11,1615 STATE HWY 17 UNITS 10
474,590 STATE RT 3 UNIT 3,590 STATE RT 3 UNIT 3
475,1574 NC HWY 24 87,1574 NC HWY 24 87
476,7170 STATE HWY 49 5,7170 STATE HWY 49 5
477,2109 STATE HWY 351 2108,2109 STATE HWY 351 2108
478,16238 RANCH RD 620 N STEA,16238 RANCH RD 620 N
479,31115 OUTER HWY 10 S A,31115 OUTER HWY 10 S
480,6623 RIDGE BLVD 9 F,6623 RIDGE BLVD 9 F
481,240 LEGACY DR 308 G,240 LEGACY DR 308 G
482,2500 DALLAS HWY SW STE 202- 126,2500 DALLAS HWY SW
483,6500 HOLLY AVE NE STE A-1,6500 HOLLY AVE NE
484,815 PELHAM RD S STE A STE A,815 PELHAM RD S STE A
485,11725 LEE HWY A 15,11725 LEE HWY A
486,930 COUNTRY RD C S,930 COUNTRY RD C
487,111 CARPENTER DR D & E,111 CARPENTER DR D
488,6000 SEPULVEDA BLVD 1F 172,6000 SEPULVEDA BLVD 1F
489,9200 BOLSA AVE # K4&5,9200 BOLSA AVE # K4
490,1175 SHAW AVE # 104/407,1175 SHAW AVE
491,215 LANCASTER AVE # C 7,215 LANCASTER AVE # C
492,700 CAPITOL TRL # 8LP,700 CAPITOL TRL
493,1302 BLALOCK RD # FC-3,1302 BLALOCK RD
494,141 BRIDGE RD # 108-108C,141 BRIDGE RD
495,2985 DISTRICT AVE # S-110,2985 DISTRICT AVE
496,7540 WASHINGTON BLVD # STEE-1,7540 WASHINGTON BLVD
497,11724 INDUSTRIPLEX BLVD # STEA-1,11724 INDUSTRIPLEX BLVD
498,2426 BRIDGE AVE # E-6,2426 BRIDGE AVE
499,8821 GARVEY AVE # C4-5,8821 GARVEY AVE
500,3385 DONNELL DR # C-9,3385 DONNELL DR
501,3401 NICHOLASVILLE RD # H-846,3401 NICHOLASVILLE RD
502,40 APPLE RD # A-22,40 APPLE RD
503,800 KINGSTON DR LBBY,800 KINGSTON DR LBBY
504,4701 VAN DAM ST,4701 VAN DAM ST
505,4555 VAN DAM ST,4555 VAN DAM ST
506,15 WAVERLY PL LOWR LEVEL,15 WAVERLY PL LOWR
507,4809 FIRESTONE BLVD PLZ 3,4809 FIRESTONE BLVD PLZ 3
508,10000 COORS BLVD BYP NW,10000 COORS BLVD BYP NW
509,897 ORO DAM BLVD W,897 ORO DAM BLVD W
510,3241 SALUDA DAM RD,3241 SALUDA DAM RD
511,980 ORO DAM BLVD,980 ORO DAM BLVD
512,145 VLEY RD EXT,145 VLEY RD EXT
513,1671 BEAVER DAM RD,1671 BEAVER DAM RD
514,335 STEELS DAM RD,335 STEELS DAM RD
515,37 PLANTS DAM RD,37 PLANTS DAM RD
516,1188 SALUDA DAM RD,1188 SALUDA DAM RD
517,23015 SOLEDAD CYN RD,23015 SOLEDAD CYN RD
518,8900 PENA BLVD - CONCOURSE B,8900 PENA BLVD
519,429 GARVEY AVE A-C,429 GARVEY AVE
520,301 FAIRMOUNT DR APT-B,301 FAIRMOUNT DR
521,205 COLUMBIA AVE STEL-M,205 COLUMBIA AVE
522,4459 SPYRES WAY STEA,4459 SPYRES WAY STEA
523,3651 IRVING MALL MA KL10D,3651 IRVING MALL MA KL10D
524,713 MAIN STREET LIBERTY CUSTOM TA,713 MAIN STREET LIBERTY
525,3041 MAIN STREET SWEET HOME O,3041 MAIN STREET SWEET
526,3151 OAKOOD TRAIL BROADVIEW HE,3151 OAKOOD TRAIL BROADVIEW
527,6155 EASTEX FREEWAY FC 644,6155 EASTEX FREEWAY FC 644
528,310 CYPRESS CREEK PWKY 100,310 CYPRESS CREEK PWKY 100
529,1431 STATE ROUTE NY 5,1431 STATE ROUTE NY 5
530,10330 FRIAR ROAD SUTE 104/105,10330 FRIAR ROAD SUTE
531,1555 MAIN STREET BLG G STE4,1555 MAIN STREET BLG G
532,351 BLANKENSHIP ROAD LEDBETTER K,351 BLANKENSHIP ROAD LEDBETTER K
533,251 SHIPYARD WAY CABIN D,251 SHIPYARD WAY CABIN D
534,12870 TRADE WAY FOUR # 4 UNIT 112,12870 TRADE WAY FOUR # 4
535,2524 DEEP CREEK CHURCH RD,2524 DEEP CREEK CHURCH RD
536,9711 GREEN PARK INDUSTRIAL DR,9711 GREEN PARK INDUSTRIAL DR
537,620 ONION CREEK RANCH RD,620 ONION CREEK RANCH RD
538,8603 JACKSON CREEK BEND LN,8603 JACKSON CREEK BEND LN
539,100 COVE TERRACE SHOPPING CTR,100 COVE TERRACE SHOPPING CTR
540,1047 BEAVER CREEK COMMONS DR,1047 BEAVER CREEK COMMONS DR
541,249 ELM PASS II RD,249 ELM PASS II RD
542,20 FLOWER VALLEY SHOPPING CENT,20 FLOWER VALLEY SHOPPING CENT
543,1560 INDIAN TRAIL LILBURN RD,1560 INDIAN TRAIL LILBURN RD
544,14635 BALDWIN PARK TOWNE CTR,14635 BALDWIN PARK TOWNE CTR
545,1540 ROCK CREEK DAIRY RD,1540 ROCK CREEK DAIRY RD
546,1 ROCK CREEK WOODS DR,1 ROCK CREEK WOODS DR
547,1051 DEER PARK BURBANK RD,1051 DEER PARK BURBANK RD
548,41 HIGH POINT MOUNTAIN RD,41 HIGH POINT MOUNTAIN RD
549,145 CANE CREEK INDUSTRIAL PARK RD,145 CANE CREEK INDUSTRIAL
550,351 BLANKENSHIP ROAD LEDBETTER,351 BLANKENSHIP ROAD LEDBETTER
551,2050 BENT CREEK MNR,2050 BENT CREEK MNR
552,31904 DANE COURT TEMECULA,31904 DANE COURT TEMECULA
553,4208 COUNTY ROAD HH,4208 COUNTY ROAD HH
554,2274 SMOKEY PARK HIGWAY,2274 SMOKEY PARK HIGWAY
555,281 COMMISSION STREET SALINAS,281 COMMISSION STREET SALINAS
556,25 FALLS ROAD MOODUS,25 FALLS ROAD MOODUS
557,3009 BROOK VALLEY RUN,3009 BROOK VALLEY RUN
558,18853 COUNTY ROAD RS,18853 COUNTY ROAD RS
559,145 CANE CREEK INDUSTRIAL,145 CANE CREEK INDUSTRIAL
560,300 NEWBURYPORT TURNPIKE SUIT,300 NEWBURYPORT TURNPIKE SUIT
561,1244 LAKE CANYON VW,1244 LAKE CANYON VW
562,411 BARNUM AVENUE CUTOFF,411 BARNUM AVENUE CUTOFF
563,278 KINGS HIGHWAY CUTOFF,278 KINGS HIGHWAY CUTOFF
564,14944 SHERMAN WAY APT B 106,14944 SHERMAN WAY APT B 106
565,179 BOYLSTON STREET BLDG P FL,179 BOYLSTON STREET BLDG P
566,3019 CIELO COURT SUITE B & C,3019 CIELO COURT SUITE B
567,100 MENLO PARK STE 500MALL,100 MENLO PARK
568,5801 KENNETT PIKE STE A/B,5801 KENNETT PIKE
569,12625 FREDERICK STREET SUITE,12625 FREDERICK STREET
570,1483 STATE ROUTE 27 STE 5&6,1483 STATE ROUTE 27 STE 5
571,3245 MAIN STREET 235 - 506,3245 MAIN STREET 235
572,3595 INVERNESS DRIVE SOUTH UNI,3595 INVERNESS DRIVE SOUTH
573,4166 DALTON PIKE SE LOT 21,4166 DALTON PIKE SE LOT 21
574,6417 FAUNTLEROY WAY SW STE E,6417 FAUNTLEROY WAY SW STE E
575,107 CORPORATE PARK EAST DR,107 CORPORATE PARK EAST
576,404 MARLTON PIKE E STE 7,404 MARLTON PIKE E STE 7
577,5628 AIRPORT WAY S STE 150,5628 AIRPORT WAY S STE 150
578,2080 CENTURY PARK E STE 102,2080 CENTURY PARK E STE 102
579,701 WINSLOW WAY E STE A,701 WINSLOW WAY E STE A
580,18596 LONGS WAY # B-15,18596 LONGS WAY
581,334 MAIN STREET LOS ALTOS,334 MAIN STREET
582,1587 COUNTY ROAD DE H,1587 COUNTY ROAD
583,1 WALDEN GALLERIA SPC F-205,1 WALDEN GALLERIA SPC
584,6519 ANGORA LOOP ST S # 1,6519 ANGORA LOOP ST S
585,944 COLLEGE PARK RD STEB,944 COLLEGE PARK RD STEB
586,110 HIDDEN VALLEY PKY STEC,110 HIDDEN VALLEY PKY STEC
587,6600 TOPANGA CANYON BLVD UNIT,6600 TOPANGA CANYON BLVD
588,1207 CARLSBAD VILLAGE DR SUITE,1207 CARLSBAD VILLAGE DR
589,1727 PETERS CREEK RD NW STE B,1727 PETERS CREEK RD NW
590,5940 MIDWAY PARK BLVD NE STE B,5940 MIDWAY PARK BLVD NE
591,7311 COAL CREEK PKWY SE # 1302,7311 COAL CREEK PKWY SE
592,1204 LAKE PARK BLVD N UNIT A1,1204 LAKE PARK BLVD N
593,13240 EVENING CREEK DR S STE 314,13240 EVENING CREEK DR S
594,13715 RICHMOND PARK DR N UNIT 706,13715 RICHMOND PARK DR N
595,5800 CAMPUS CIRCLE DR E STE 208A,5800 CAMPUS CIRCLE DR E
596,11200 LAKELINE MALL DR # K-17,11200 LAKELINE MALL DR
597,100 MENO PARK MALL STE500,100 MENO PARK MALL STE500
598,100 MENLO PARK MALL STE500,100 MENLO PARK MALL STE500
599,90 CROOKED CREEK LANE LOUISBURG,90 CROOKED CREEK LANE
600,50 CARROLL CREEK WAY STE 150,50 CARROLL CREEK WAY STE 150
601,2110 ARDEN CREEK WAY APT 6309,2110 ARDEN CREEK WAY APT 6309
602,1001 HEAVENLY VILLAGE WAY STE 38,1001 HEAVENLY VILLAGE WAY STE 38
603,2426 AUTO PARK WAY STE B,2426 AUTO PARK WAY STE B
604,5978 OLD US ROUTE 35 E,5978 OLD US ROUTE 35
605,1935 CLIFF VALLEY WAY NE,1935 CLIFF VALLEY WAY NE
606,9141 GENERAL PIKE LOOP C,9141 GENERAL PIKE LOOP C
607,1075 SPACE PARK WAY SPC 327,1075 SPACE PARK WAY SPC 327
608,703 LONG ROAD CROSSING DR STE 9,703 LONG ROAD CROSSING
609,5655 SILVER CREEK VALLEY RD,5655 SILVER CREEK VALLEY
610,1000 ROSS PARK MALL DR,1000 ROSS PARK MALL
611,15050 FAIRFIELD VILLAGE SQUARE DR,15050 FAIRFIELD VILLAGE SQUARE
612,116 JAPANESE VILLAGE PLAZA MALL,116 JAPANESE VILLAGE PLAZA
613,1 WILD CREEK WAY,1 WILD CREEK WAY
614,25108 RYE CANYON LOOP,25108 RYE CANYON LOOP
615,442 PLEASANT VALLEY WAY,442 PLEASANT VALLEY WAY
616,15761 TUSTIN VILLAGE WAY,15761 TUSTIN VILLAGE WAY
617,4453 DEER PARK PASS,4453 DEER PARK PASS
618,1095 HENRY PARKWAY CONNECTOR,1095 HENRY PARKWAY CONNECTOR
619,1014 FIDDLER CREEK WAY,1014 FIDDLER CREEK WAY
620,9 JARVIS CREEK WAY,9 JARVIS CREEK WAY
621,11258 CAMP CREEK WAY,11258 CAMP CREEK WAY
622,14648 WOODSIDE PLACE LOOP,14648 WOODSIDE PLACE LOOP
623,1001 HEAVENLY VILLAGE WAY,1001 HEAVENLY VILLAGE WAY
624,724 CENTER POINT WAY,724 CENTER POINT WAY
625,22 BEAR CREEK LOOP,22 BEAR CREEK LOOP
626,2204 UNIVERSITY SQUARE MALL,2204 UNIVERSITY SQUARE MALL
627,327 ROCK CREEK WAY,327 ROCK CREEK WAY
628,7159 WHITES CREEK PIKE,7159 WHITES CREEK PIKE
629,484 PLEASANT VALLEY WAY,484 PLEASANT VALLEY WAY
630,1860 CARTERS CREEK PIKE,1860 CARTERS CREEK PIKE
631,20 ENGLISH VILLAGE PARK,20 ENGLISH VILLAGE PARK
632,1447 HISTORICAL PLAZA WAY,1447 HISTORICAL PLAZA WAY
633,206 STRATFORD SQUARE MALL,206 STRATFORD SQUARE MALL
634,6310 HEALTH PARK WAY,6310 HEALTH PARK WAY
635,70 TOWN & COUNTRY TRL,70 TOWN
636,3043 BUS US-17,3043 BUS
637,3032 BUSI I-70,3032 BUSI
638,3245 BUSI I-70,3245 BUSI
639,2700 SUITE 109 CLOVIS AVE,109 CLOVIS AVE
640,405 UNIT B BEECH ST,"[['DIGIT'], ['APT'], ['LETTER'], ['ALPHA'], ['WAY', 'PRE']]"
641,1671 THE ALAMEDA STE 306,1671 THE ALAMEDA STE 306
642,1657 THE FAIRWAY 180,1657 THE FAIRWAY 180
643,160 THE PROMENADE N,160 THE PROMENADE N
644,218 THE PROMENADE N,218 THE PROMENADE N
645,325 THE BRIDGE ST STE 105,325 THE BRIDGE ST STE 105
646,225 THE CROSSROADS BLVD # 372,225 THE CROSSROADS BLVD # 372
647,25902 THE OLD RD,25902 THE OLD RD
648,217 THE HOLLOWS CT,217 THE HOLLOWS CT
649,2110 THE OAKS BLVD,2110 THE OAKS BLVD
650,28018 THE OLD RD,28018 THE OLD RD
651,25399 THE OLD RD,25399 THE OLD RD
652,340 THE BRIDGE STREET TOWN CTR,340 THE BRIDGE STREET
653,1525 THE GREENS WAY # A,1525 THE GREENS WAY # A
654,1343 THE ALAMEDA,1343 THE ALAMEDA
655,121 THE MAINE,121 THE MAINE
656,4320 THE 25 WAY NE STE 650,4320 THE 25 WAY NE STE 650
657,691 CO OP CITY BLVD,"[['DIGIT'], ['DELEG'], ['ALPHA'], ['ALPHA'], ['WAY']]"
658,12736 CO ROUTE 55,"[['DIGIT'], ['DELEG'], ['WORDWAY'], ['DIGIT']]"
659,6387 7 CORNERS SHOPPING CTR,7 CORNERS SHOPPING CTR
660,12238 1 4 MICHIGAN ST,1 4 MICHIGAN ST
661,341 1 2 CANAL ST,1 2 CANAL ST
662,185 1 5 LARK ST,1 5 LARK ST
663,3258 12 4 E 12 ROAD,"[['DIGIT'], ['DIGIT'], ['DIGIT'], ['LETTER', 'DIR'], ['DIGIT'], ['WORDWAY']]"
664,3420 10 10 RD STE314,"[['DIGIT'], ['DIGIT'], ['DIGIT'], ['WAY'], ['ALNUM', 'APT_NUM']]"
665,757 29 1/2 ST,"[['DIGIT'], ['DIGIT'], ['DIGSLASH'], ['WAY', 'PRE']]"
666,624 24 1/2 RD UNIT B,"[['DIGIT'], ['DIGIT'], ['DIGSLASH'], ['WAY'], ['APT'], ['LETTER']]"
667,480 28 1/4 RD 17,"[['DIGIT'], ['DIGIT'], ['DIGSLASH'], ['WAY'], ['DIGIT']]"
668,572 22 1/2 RD,"[['DIGIT'], ['DIGIT'], ['DIGSLASH'], ['WAY']]"
669,1185 18 1/2 RD,"[['DIGIT'], ['DIGIT'], ['DIGSLASH'], ['WAY']]"
670,728 12 S GLENDALE AVE,12 S GLENDALE AVE
671,420 430 N U S 1,"[['DIGIT'], ['DIGIT'], ['LETTER', 'DIR'], ['LETTER'], ['LETTER', 'DIR'], ['DIGIT']]"
672,303 301 BLVD W STE 103,"[['DIGIT'], ['DIGIT'], ['WAY'], ['LETTER', 'DIR'], ['APT'], ['DIGIT']]"
673,6253 7 LKS W,"[['DIGIT'], ['DIGIT'], ['WAY'], ['LETTER', 'DIR']]"
674,561 25 RD,"[['DIGIT'], ['DIGIT'], ['WAY']]"
675,9799 3605 RD,"[['DIGIT'], ['DIGIT'], ['WAY']]"
676,13937 1/2 VAN NUYS BLVD,13937 1/2 VAN NUYS BLVD
677,1335 1/2 ABBOT KINNEY BLVD,1335 1/2 ABBOT KINNEY BLVD
678,962 1/2 GREEN BAY RD,962 1/2 GREEN BAY RD
679,9 1/2 PARADISE ST,9 1/2 PARADISE ST
680,618 1/2 CHURCH ST,618 1/2 CHURCH ST
681,201 1/2 PINE ST,201 1/2 PINE ST
682,12502 1/2 VANOWEN ST,12502 1/2 VANOWEN ST
683,3257 1/2 FOLSOM BLVD UNIT A,3257 1/2 FOLSOM BLVD UNIT A
684,442 1/2 FLORENCE RD,442 1/2 FLORENCE RD
685,7 1/2 KELLEY SQ,7 1/2 KELLEY SQ
686,542 1/2 PALISADES DR,542 1/2 PALISADES DR
687,15424 1/2 GREVILLEA AVE,15424 1/2 GREVILLEA AVE
688,124 1/2 ELMWOOD AVE,124 1/2 ELMWOOD AVE
689,3623 1/2 DOUGLAS AVE,3623 1/2 DOUGLAS AVE
690,712 1/2 WASHINGTON AVE,712 1/2 WASHINGTON AVE
691,712 1/2 GARNET AVE,712 1/2 GARNET AVE
692,11 1/2 LIVERPOOL LN,11 1/2 LIVERPOOL LN
693,5241 1/4 PARAMOUNT BLVD,5241 1/4 PARAMOUNT BLVD
694,1529 1/2 ANDALUSIA AVE,1529 1/2 ANDALUSIA AVE
695,1629 1/2 NEVADA HWY,1629 1/2 NEVADA HWY
696,524 1/2 HAMILTON AVE,524 1/2 HAMILTON AVE
697,5913 1/2 AIRPORT WAY S,5913 1/2 AIRPORT
698,38 1/2 BROADWAY,38 1/2 BROADWAY
699,11 1/2 BROADWAY,11 1/2 BROADWAY
700,308 1/2 N BENTLEY ST,308 1/2 N BENTLEY ST
701,10 1/2 S BROADWAY ST,10 1/2 S BROADWAY ST
702,345 1/2 E COLLEGE ST,345 1/2 E COLLEGE ST
703,438 1/2 N MAIN ST,438 1/2 N MAIN ST
704,51 1/2 S MAIN ST,51 1/2 S MAIN ST
705,143 1/2 S MAIN ST,143 1/2 S MAIN ST
706,8606 1/2 S VERMONT AVE # B,8606 1/2 S VERMONT AVE # B
707,539 3/4 N SYCAMORE AVE,539 3/4 N SYCAMORE AVE
708,851 1/2 S WESTERN AVE,851 1/2 S WESTERN AVE
709,401 1/2 S MYRTLE AVE,401 1/2 S MYRTLE AVE
710,225 1/2 N LARCHMONT BLVD,225 1/2 N LARCHMONT BLVD
711,1036 1/2 S FAIRFAX AVE,1036 1/2 S FAIRFAX AVE
712,2021 1/2 S SHERBOURNE DR,2021 1/2 S SHERBOURNE DR
713,327 1/2 S ROBERTSON BLVD,327 1/2 S ROBERTSON BLVD
714,3603 1/2 W 6TH ST,3603 1/2 W 6TH ST
715,715 1/2 W 47TH ST,715 1/2 W 47TH ST
716,3310 1/4 W 76TH ST,3310 1/4 W 76TH ST
717,316 1/2 W 1ST ST,316 1/2 W 1ST ST
718,300 1/2 E 52ND ST,300 1/2 E 52ND ST
719,700 1/2 W LAS TUNAS DR,"[['DIGIT'], ['DIGSLASH'], ['LETTER', 'DIR'], ['SP_ARTI'], ['ALPHA'], ['WAY']]"
720,663 1/2 SAN JOSE AVE,"[['DIGIT'], ['DIGSLASH'], ['PRE'], ['ALPHA'], ['WAY']]"
721,8941 1/2 SANTA MONICA BLVD,"[['DIGIT'], ['DIGSLASH'], ['PRE'], ['ALPHA'], ['WAY']]"
722,403 1/2 - 405 E GREEN ST,405 E GREEN ST
723,212 WEST STE700,"[['DIGIT'], ['DIR'], ['ALNUM', 'APT_NUM']]"
724,778 EAST AND WEST RD,778 EAST AND WEST
725,1145 SOUTH CAMINO DEL RIO 120,1145 SOUTH CAMINO
726,32006 SE REDMOND FALL CITY RD,32006 SE REDMOND FALL CITY RD
727,25459 NE REDMOND FALL CITY RD,25459 NE REDMOND FALL CITY RD
728,11520 NORTH CENTRAL EXPRESS WA,11520 NORTH CENTRAL EXPRESS
729,2436 NW FORT MANDAN WAY,2436 NW FORT MANDAN WAY
730,1951 NE LAURIE VEI LOOP,1951 NE LAURIE VEI LOOP
731,5062 NORTH CAROLINA 89 HWY W,5062 NORTH CAROLINA 89
732,1220 SOUTH GOLDEN WEST H,1220 SOUTH GOLDEN WEST
733,33451 SW JP WEST RD,33451 SW JP WEST
734,108 NE BERNARD ST GLEN ROSE TEX,108 NE BERNARD ST
735,1144 EAST PARIS AVE SE STE 10,1144 EAST PARIS AVE SE STE 10
736,5641 SW FOXCROFT CIR S APT 206,5641 SW FOXCROFT CIR S APT 206
737,14270 SW FANNO CREEK LOOP,14270 SW FANNO CREEK
738,2116 SW GARDEN VALLEY WAY,2116 SW GARDEN VALLEY
739,12954 SE KENT - KANGLEY ROAD,12954 SE KENT
740,14635 SW 100 AND 6TH,14635 SW 100 AND 6TH
741,395 SE 971,"[['DIGIT'], ['DIR'], ['DIGIT']]"
742,3901 SOUTH EAST STREET C,"[['DIGIT'], ['DIR'], ['DIR'], ['WORDWAY'], ['LETTER']]"
743,2960 SW WEST POINT AVE,"[['DIGIT'], ['DIR'], ['DIR'], ['WORDWAY'], ['WAY']]"
744,1317 NORTH B 52,1317 NORTH B 52
745,3939 NE M L KING BLVD,"[['DIGIT'], ['DIR'], ['LETTER'], ['LETTER'], ['ALPHA'], ['WAY']]"
746,3901 NE M L KING BLVD,"[['DIGIT'], ['DIR'], ['LETTER'], ['LETTER'], ['ALPHA'], ['WAY']]"
747,521 SOUTH M,"[['DIGIT'], ['DIR'], ['LETTER']]"
748,8137 NW 17TH MNR,8137 NW 17TH
749,11401 NW 12TH ST # E-515,11401 NW 12TH ST
750,7830 NW 44TH ST # 'A',7830 NW 44TH ST
751,721 NE 82ND ST AVE,721 NE 82ND ST
752,15338 NE 9TH PL UNITE I-213,15338 NE 9TH PL UNITE
753,2799 SW 32ND AVE STE 13-14 BLDG E,2799 SW 32ND AVE STE 13-14
754,17 EAST 16TH STREET 2 ND FLOOR,17 EAST 16TH STREET 2
755,5890 SW 43RD STREET RD,5890 SW 43RD STREET RD
756,8701 NW 157TH WAY,8701 NW 157TH WAY
757,844 SW 154TH PATH,844 SW 154TH PATH
758,7954 NW 47TH WAY,7954 NW 47TH WAY
759,1308 NW 9TH WAY,1308 NW 9TH WAY
760,20729 SE 3RD WAY,20729 SE 3RD WAY
761,2909 SW 160THE AVE,"[['DIGIT'], ['DIR'], ['NUMSTR'], ['WAY']]"
762,1769 NW SAINT LUCIE WEST BLVD,1769 NW SAINT LUCIE WEST BLVD
763,1457 NW SAINT LUCIE WEST BLVD,1457 NW SAINT LUCIE WEST BLVD
764,222 WEST ST BLDG D-2,222 WEST ST
765,11413 SOUTH ST UNIT C-3,11413 SOUTH ST
766,108 SOUTH ST SE STE D,108 SOUTH ST SE
767,3525 EAST LK LOT E 2,3525 EAST LK LOT E 2
768,358 EAST CIR 300 NORTH,358 EAST CIR 300
769,3440 SW US VETERANS HOSPITAL R,"[['DIGIT'], ['DIR'], ['WORDWAY'], ['ALPHA'], ['ALPHA'], ['LETTER']]"
770,2001 SOUTH ROAD SUITE A - 128,"[['DIGIT'], ['DIR'], ['WORDWAY'], ['APT'], ['LETTER'], [], ['DIGIT']]"
771,67 WEST STREET 214 & 218,67 WEST STREET 214
772,10934 SE US HIGHWAY 441 STE J,10934 SE US HIGHWAY 441 STE J
773,25764 SW CANYON CREEK RD APT B201,"[['DIGIT'], ['DIR'], ['WORDWAY'], ['WORDWAY'], ['WAY'], ['APT'], ['ALNUM']]"
774,28175 SW CANYON CREEK RD S,"[['DIGIT'], ['DIR'], ['WORDWAY'], ['WORDWAY'], ['WAY'], ['LETTER', 'DIR']]"
775,9 NORTH VILLAGE AVENUE,"[['DIGIT'], ['DIR'], ['WORDWAY'], ['WORDWAY']]"
776,20 WEST MALL,"[['DIGIT'], ['DIR'], ['WORDWAY']]"
777,817 WEST LOOP,"[['DIGIT'], ['DIR'], ['WORDWAY']]"
778,9955 SW BVRTN/HLSDL 140,"[['DIGIT'], ['DIR'], [], ['DIGIT']]"
779,9404 FM TO MARKET 1489,"[['DIGIT'], ['FARM2MARK'], ['ALPHA', 'PREP'], ['ALPHA'], ['DIGIT']]"
780,252 FM 1960 BYPASS RD E,1960 BYPASS RD E
781,1140 FM 730 N STEA,1140 FM 730 N STEA
782,2648 FM 407 E STE 150,2648 FM 407 E STE 150
783,9103 FM 1960 W RD STEH,9103 FM 1960 W
784,2509 FM 196N,"[['DIGIT'], ['FARM2MARK'], ['NUMS_1AL']]"
785,125 W I30 D,"[['DIGIT'], ['LETTER', 'DIR'], ['ALNUM'], ['LETTER']]"
786,25403 N STEC I-45,25403 N STEC
787,500 N VIA VAL VERDE,500 N VIA VAL
788,8390 E VIA DE VENTURA STE F110,8390 E VIA
789,8390 E VIA DE VENTURA STE 108,8390 E VIA
790,2760 S VIA DEL BAC,2760 S VIA
791,2643 N CALLE DE ROMY,2643 N CALLE
792,6612 W GULF TO LAKE HWY,6612 W GULF TO LAKE HWY
793,737 S LEMAY AVESTE B4 PMB,737 S LEMAY AVESTE B4
794,2921 E MARTIN LUTHER KING JR DR,2921 E MARTIN LUTHER
795,2412 W MARTIN LUTHER KING JR BLVD,2412 W MARTIN LUTHER
796,1030 W MARTIN LUTHER KING JR BLVD,1030 W MARTIN LUTHER
797,1 S MARKET FANEUIL HALL MKPL,1 S MARKET FANEUIL
798,4301 W WILLIAM CANNON BLG B ST,4301 W WILLIAM CANNON
799,2635 W LAKE VAN NESS CIR,2635 W LAKE VAN NESS CIR
800,2606 W MARTIN LUTHER KING HWY,2606 W MARTIN LUTHER KING HWY
801,1043 N MARTIN LUTHER KING BLVD,1043 N MARTIN LUTHER KING BLVD
802,401 W PRESIDENT GEORGE BUSH HWY,401 W PRESIDENT GEORGE BUSH HWY
803,10953 N FRANK LLOYD WRIGHT BLVD,10953 N FRANK LLOYD WRIGHT BLVD
804,13910 N FRANK LLOYD WRIGHT BLVD,13910 N FRANK LLOYD WRIGHT BLVD
805,6895 E COEUR DALENE LAKE DR,6895 E COEUR DALENE LAKE DR
806,11086 S WINDY PEAK RIDGE DR,11086 S WINDY PEAK RIDGE DR
807,1148 N MARTIN LUTHER KING AVE,1148 N MARTIN LUTHER KING AVE
808,1023 N OLD GREY RIDGE RD,1023 N OLD GREY RIDGE RD
809,4496 S AVENIDA DON PEPE,4496 S AVENIDA DON
810,325 N LAST CHANCE GULCH,325 N LAST CHANCE
811,54 E SHORE LAKE OWASSA,54 E SHORE LAKE
812,960 W RIVER CENTER DR NE STE A,960 W RIVER CENTER DR NE
813,2055 N DRUID HILLS RD NE STE B,2055 N DRUID HILLS RD NE
814,1234 N POST OAK RD SE 170,1234 N POST OAK RD SE
815,2620 N BERKELEY LAKE RD NW # 5,2620 N BERKELEY LAKE RD NW
816,8128 N SAM HOUSTON PKWY W # A,8128 N SAM HOUSTON PKWY W
817,420 N WHITE HORSE PIKE APT 12B,420 N WHITE HORSE PIKE APT 12B
818,6900 E GREEN LAKE WAY N,6900 E GREEN LAKE WAY N
819,6850 E GREEN LAKE WAY N,6850 E GREEN LAKE WAY N
820,757 N TWIN OAKS VALLEY RD STE 6,757 N TWIN OAKS VALLEY
821,760 N TWIN OAKS VALLEY RD STE D,760 N TWIN OAKS VALLEY
822,772 N TWIN OAKS VALLEY RD,772 N TWIN OAKS VALLEY
823,2460 N OLD BETHLEHEM PIKE,2460 N OLD BETHLEHEM PIKE
824,111 W WHITE HORSE PIKE,111 W WHITE HORSE PIKE
825,1809 N BLACK HORSE PIKE,1809 N BLACK HORSE PIKE
826,50 S WHITE HORSE PIKE,50 S WHITE HORSE PIKE
827,26 S WHITE HORSE PIKE,26 S WHITE HORSE PIKE
828,137 S WHITE HORSE PIKE,137 S WHITE HORSE PIKE
829,33 S WHITE HORSE PIKE,33 S WHITE HORSE PIKE
830,4431 E RED RANGE WAY,4431 E RED RANGE WAY
831,10 E BLACK HORSE PIKE,10 E BLACK HORSE PIKE
832,81 W WHITE HORSE PIKE,81 W WHITE HORSE PIKE
833,1741 S BLACK HORSE PIKE,1741 S BLACK HORSE PIKE
834,700 S BLACK HORSE PIKE,700 S BLACK HORSE PIKE
835,4157 W WHISPERING RIDGE PASS,4157 W WHISPERING RIDGE PASS
836,1601 N BLACK HORSE PIKE,1601 N BLACK HORSE PIKE
837,13 S BLACK HORSE PIKE,13 S BLACK HORSE PIKE
838,81 W. White Horse Pike,81 W WHITE HORSE PIKE
839,1351 N BLACK HORSE PIKE,1351 N BLACK HORSE PIKE
840,6336 E RED RANGE WAY,6336 E RED RANGE WAY
841,1310 W STAN SCHLUETER LOOP,1310 W STAN SCHLUETER LOOP
842,12414 S SUNRISE MIST LOOP,12414 S SUNRISE MIST LOOP
843,4075 N RIVER ROCK WAY,4075 N RIVER ROCK WAY
844,14611 N MOPAC STE 104 & 105,14611 N MOPAC STE 104
845,4227 S MERIDIAN STE C 482,4227 S MERIDIAN STE C 482
846,1735 W STATE OF FRANKLIN 11,1735 W STATE
847,9901 N CAPITAL OF TX HWY 150,9901 N CAPITAL
848,701 S CAPITAL OF TEXAS HWY,701 S CAPITAL
849,1735 W STATE OF FRANKLIN RD,1735 W STATE
850,2901 S CAPITAL OF TEXAS HWY,2901 S CAPITAL
851,1805 W STATE OF FRANKLIN RD,1805 W STATE
852,571 W DEUCE OF CLUBS,571 W DEUCE
853,2495 N NC 16 BUSINESS HWY,2495 N NC 16
854,2958 N COUNTY 55 RD,2958 N COUNTY 55
855,321 E MILE 2 RD,321 E MILE 2
856,6747 E NC 150 HWY,6747 E NC 150
857,1819 S GOLDEN WEST AVE,1819 S GOLDEN WEST
858,1220 S GOLDEN WEST AVE,1220 S GOLDEN WEST
859,408 S ATLANTA  S STE120,408 S ATLANTA S
860,3818 E CESAR E CHAVEZ AVE,3818 E CESAR E
861,4260 E CESAR E CHAVEZ AVE,4260 E CESAR E
862,2319 E CESAR E CHAVEZ AVE,2319 E CESAR E
863,3734 E CESAR E CHAVEZ AVE,3734 E CESAR E
864,2734 E CESAR E CHAVEZ AVE,2734 E CESAR E
865,5720 N BELT W STE 20-255,5720 N BELT W
866,1911 S COMMERCENTER  E 2,1911 S COMMERCENTER E
867,2608 N JOHN B DENNIS HWY,2608 N JOHN B
868,1102 W LYNDON B JOHNSON FWY,1102 W LYNDON B
869,13848 S RALPH H WAY,13848 S RALPH H
870,2337 E COUNTY 17TH ST,2337 E COUNTY
871,162 S RANCHO SANTA FE RD STE C10,162 S RANCHO
872,663 S RANCHO SANTA FE RD # 120,663 S RANCHO
873,677 S RANCHO SANTA FE RD,677 S RANCHO
874,314 S PONCE DE LEON BLVD UNIT C,314 S PONCE DE LEON BLVD UNIT C
875,4146 E PONCE DE LEON AVE,4146 E PONCE DE LEON AVE
876,205 E PONCE DE LEON AVE,205 E PONCE DE LEON AVE
877,185 E PASEO DEL CENTRO,185 E PASEO
878,657 S FLOWER LOS ANGELES,657 S FLOWER
879,310 S PASEO DE ONATE,310 S PASEO
880,7579 E VISTA DEL SOL,7579 E VISTA
881,1242 E PASEO DEL ZORRO,1242 E PASEO
882,355 E AVENIDA DE LOS ARBOLES,355 E AVENIDA
883,3795 E BIDWELL ST STE100 526,3795 E BIDWELL ST STE100
884,11112 S TRYONE ST STEB,11112 S TRYONE ST STEB
885,276 W MAIN ST OAK TREE PLZ,276 W MAIN ST
886,77 W MAIN ST DOOR H,77 W MAIN ST
887,515 N MAIN ST WINDOW A,515 N MAIN ST
888,10 E MAIN ST MILLVILLE,10 E MAIN ST
889,405 W BERKLEY ST UNIONTOWN,405 W BERKLEY ST
890,1701 E EMPIRE ST STE 360 290,1701 E EMPIRE ST STE 360 290
891,65 W EASY ST UNIT 105/108,65 W EASY ST
892,1414 S MILLER ST STE E&F,1414 S MILLER ST STE E
893,855 N WOLFE ST STE D STE E,855 N WOLFE ST STE D
894,3336 N TEXAS ST STE J 266,3336 N TEXAS ST STE J 266
895,3336 N TEXAS ST STE J 249,3336 N TEXAS ST STE J 249
896,982 N BATAVIA ST STE B-8,982 N BATAVIA ST
897,840 S GLYNN ST S STE330,840 S GLYNN ST S STE330
898,200 N WASHINGTON ST # UNIT,200 N WASHINGTON ST
899,2800 N MAIN ST # 196-B,2800 N MAIN ST
900,748 S MAIN ST BSMT,748 S MAIN ST
901,3849 S DELSEA DR STORE 7,3849 S DELSEA DR
902,4160 S ZAPATA HWY BLD - A,4160 S ZAPATA HWY
903,14 S PACK SQ STE LL 100,14 S PACK SQ STE LL
904,366 N GILBERT RD BLDG 2 STE 103,366 N GILBERT RD BLDG 2 STE 103
905,8414 W FARM RD STE 180 222,8414 W FARM RD STE 180 222
906,2221 E FRONTAGE RD BLDG E STE 101-102,2221 E FRONTAGE RD BLDG E
907,3600 S COLLEGE RD STE E 388,3600 S COLLEGE RD STE E 388
908,1350 E PACHEO BLVD STE B 120,1350 E PACHEO BLVD STE B 120
909,301 N GARFIELD AVE STE B & D,301 N GARFIELD AVE STE B
910,1900 S RAINBOW BLVD STE A&B,1900 S RAINBOW BLVD STE A
911,145 E RENO AVE STE E5-A,145 E RENO AVE
912,3956 W INNOVATION DR STE B-D,3956 W INNOVATION DR
913,2950 W CARROLL AVE STE 3N/2S,2950 W CARROLL AVE
914,1500 W LITTLETON BLVD STE 100-A,1500 W LITTLETON BLVD
915,577 S COAST HWY STE E-5,577 S COAST HWY
916,5801 S MANOR CV 5801 SOUTH MAN,5801 S MANOR CV 5801
917,5076 E CITY RD 300 SOUTH,5076 E CITY RD 300
918,19565 E WALNUT DR S B6,19565 E WALNUT DR S B6
919,100 N MAIN AVE N STE1A,100 N MAIN AVE N STE1A
920,19565 E WALNUT DR S UNIT B6,19565 E WALNUT DR S UNIT B6
921,9617 N METRO PKWY W STE 1038,9617 N METRO PKWY W STE 1038
922,9617 N METRO PKWY W STE 1194,9617 N METRO PKWY W STE 1194
923,20416 E WALNUT DR N STE 2E,20416 E WALNUT DR N STE 2E
924,1315 W GRAND PKWY S STE 110B,1315 W GRAND PKWY S STE 110B
925,20418 E WALNUT DR N STE 1E,20418 E WALNUT DR N STE 1E
926,14239 W BELL RD S 213,14239 W BELL RD S 213
927,105 W IMPERIAL HWY C D,105 W IMPERIAL HWY C
928,7986 W ALAMEDA AVE A&B,7986 W ALAMEDA AVE A
929,207 S DAISY AVE # 1/12,207 S DAISY AVE
930,1400 S CONGRESS AVE # B STE 1,1400 S CONGRESS AVE # B
931,8000 W SUNSET BLVD # A 202,8000 W SUNSET BLVD # A
932,1400 N PERKINS RD # B 26,1400 N PERKINS RD # B
933,3733 N JOSEY LN # SUITE-104B,3733 N JOSEY LN
934,1450 W SOUTHERN AVE # A-1,1450 W SOUTHERN AVE
935,8435 N STEMMONS FWY # S-115,8435 N STEMMONS FWY
936,1600 W SLAUSON AVE # L-15,1600 W SLAUSON AVE
937,5891 S MILITARY TRL # A-11,5891 S MILITARY TRL
938,1600 W SLAUSON AVE # P-1,1600 W SLAUSON AVE
939,360 N BEDFORD DR LBBY,360 N BEDFORD DR
940,5140 N HAYDEB RD STEH-115,5140 N HAYDEB RD
941,1001 E HEBRON PKWY STE118-101,1001 E HEBRON PKWY
942,312 S CARSON STREET CARSON CITY,312 S CARSON STREET
943,140 W CENTER STREET PROMENADE,140 W CENTER STREET
944,350 E ROYAL LANE BLDG 4 126,350 E ROYAL LANE BLDG 4 126
945,7334 S ALTON WAY UNIT 14-C,7334 S ALTON WAY
946,4500 E CHERRY CREEK SOUTH DR,4500 E CHERRY CREEK SOUTH
947,1557 E AMAR ROAD D & E,1557 E AMAR ROAD D
948,999 E DIVISION STREET SPC DC 1,999 E DIVISION STREET SPC DC
949,1 W FLATIRON CROSSING DR # UNIT,1 W FLATIRON CROSSING DR
950,2890 E TAHQUITZ CANYON WAY APT 204,2890 E TAHQUITZ CANYON
951,429 E BUSINESS US HIGHWAY 60,429 E BUSINESS US
952,2 E INDIA SQUARE MALL # 122,2 E INDIA SQUARE
953,190 E TAHQUITZ CANYON WAY,190 E TAHQUITZ CANYON
954,241 E TAHQUITZ CANYON WAY,241 E TAHQUITZ CANYON
955,304 N LL&G,304 N LL
956,2201 S HALSTEAD 2-3N,2201 S HALSTEAD
957,115 S CENTER UNIT-A,115 S CENTER
958,930 W SIDE DR,930 W SIDE DR
959,745 W SIDE AVE,745 W SIDE AVE
960,561 W SIDE AVE,561 W SIDE AVE
961,18 W SIDE SQ,18 W SIDE SQ
962,585 W SIDE AVE,585 W SIDE AVE
963,575 W SIDE AVE,575 W SIDE AVE
964,206 S THE STRAND,"[['DIGIT'], ['LETTER', 'DIR'], ['ARTI'], ['ALPHA']]"
965,1522 N 77 SUNSHINE STRIP,77 SUNSHINE STRIP
966,210 N 77 SUNSHINE STRIP,77 SUNSHINE STRIP
967,1522 S 77 SUNSHINE STRIP,77 SUNSHINE STRIP
968,2203 N 1800 EAST RD,2203 N 1800 EAST
969,824 E 1800 NORTH RD,824 E 1800 NORTH
970,11141 E 1707 NORTH RD,11141 E 1707 NORTH
971,26118 N 2225 EAST RD,26118 N 2225 EAST
972,10382 S 437,"[['DIGIT'], ['LETTER', 'DIR'], ['DIGIT']]"
973,3565 S WEST TEMPLE STE 13,"[['DIGIT'], ['LETTER', 'DIR'], ['DIR'], ['ALPHA'], ['APT'], ['DIGIT']]"
974,3565 S WEST TEMPLE STE 12,"[['DIGIT'], ['LETTER', 'DIR'], ['DIR'], ['ALPHA'], ['APT'], ['DIGIT']]"
975,1125 W NORTH CAROLINA 54,"[['DIGIT'], ['LETTER', 'DIR'], ['DIR'], ['ALPHA'], ['DIGIT']]"
976,161 E NORTH BEAR CREEK DR,"[['DIGIT'], ['LETTER', 'DIR'], ['DIR'], ['ALPHA'], ['WORDWAY'], ['WAY']]"
977,1611 S WEST TEMPLE,"[['DIGIT'], ['LETTER', 'DIR'], ['DIR'], ['ALPHA']]"
978,70 W NORTH 1ST ST,"[['DIGIT'], ['LETTER', 'DIR'], ['DIR'], ['NTH'], ['WAY', 'PRE']]"
979,301 E SOUTH 11TH ST,"[['DIGIT'], ['LETTER', 'DIR'], ['DIR'], ['NTH'], ['WAY', 'PRE']]"
980,226 N WEST 2D ST APT C,"[['DIGIT'], ['LETTER', 'DIR'], ['DIR'], ['NUMS_1AL'], ['WAY', 'PRE'], ['APT'], ['LETTER']]"
981,34640 N NORTH VALLEY PKWY,"[['DIGIT'], ['LETTER', 'DIR'], ['DIR'], ['WORDWAY'], ['WAY']]"
982,1355 E WEST CONNECTOR,"[['DIGIT'], ['LETTER', 'DIR'], ['DIR'], ['WORDWAY']]"
983,1620 W FM 646 STES,1620 W FM 646 STES
984,401 N FM 1187 STE 3,401 N FM 1187 STE 3
985,8300 N FM 620 STE 500,8300 N FM 620 STE 500
986,375 N FM 548,375 N FM 548
987,5409 S FM 14,5409 S FM 14
988,8904 N FM 1264,8904 N FM 1264
989,2912 W FM 1988,2912 W FM 1988
990,2100 S W S YOUNG DR STE 1019,"[['DIGIT'], ['LETTER', 'DIR'], ['LETTER', 'DIR'], ['LETTER', 'DIR'], ['ALPHA'], ['WAY'], ['APT'], ['DIGIT']]"
991,2100 S W S YOUNG DR,"[['DIGIT'], ['LETTER', 'DIR'], ['LETTER', 'DIR'], ['LETTER', 'DIR'], ['ALPHA'], ['WAY']]"
992,6301 N W LOOP 410 VC10,"[['DIGIT'], ['LETTER', 'DIR'], ['LETTER', 'DIR'], ['WORDWAY'], ['DIGIT'], ['ALNUM']]"
993,11332 W M 179 HWY,11332 W M 179
994,1353 E M 21,1353 E M 21
995,1709 E M 21,1709 E M 21
996,2241 W C 48,2241 W C 48
997,399 N M L KING JR PKWY,"[['DIGIT'], ['LETTER', 'DIR'], ['LETTER'], ['LETTER'], ['ALPHA'], ['ALPHA'], ['WAY']]"
998,1989 W T C JESTER BLVD,"[['DIGIT'], ['LETTER', 'DIR'], ['LETTER'], ['LETTER'], ['ALPHA'], ['WAY']]"
999,1101 W 110TH STEE,1101 W 110TH STEE
1000,210 E 5TH N,210 E 5TH N
1001,12300 S 177TH  W,12300 S 177TH W
1002,8516 S 300TH  W,8516 S 300TH W
1003,1057 S 29TH ST STEA,1057 S 29TH ST STEA
1004,120 E 16TH ST AKA 21-33 IRVING,120 E 16TH ST
1005,2367 W 208TH ST UNIT D1 & D2,2367 W 208TH ST UNIT D1
1006,16414 N 91ST ST STE 103/104,16414 N 91ST ST
1007,550 N 159TH ST E STE 303,550 N 159TH ST E STE 303
1008,8625 E 37TH ST N BLDG 204,8625 E 37TH ST N BLDG 204
1009,190 S 3RD ST W W,190 S 3RD ST W W
1010,110 E 9TH ST # B LBBY 32,110 E 9TH ST # B
1011,9 E 53RD ST # 5FL,9 E 53RD ST
1012,1816 W 6TH ST # C-5,1816 W 6TH ST
1013,23 W 47TH ST FL 4 STE 7,23 W 47TH ST FL 4 STE 7
1014,146 W 29TH ST RM 3RE,146 W 29TH ST
1015,245 W 29TH ST FRNT 5,245 W 29TH ST
1016,12251 W 87TH STREET PKWY,12251 W 87TH STREET PKWY
1017,5250 W 9TH STREET DR,5250 W 9TH STREET DR
1018,4206 N 129TH AVENUE CIR,4206 N 129TH AVENUE CIR
1019,5031 W 21ST STREET RD,5031 W 21ST STREET RD
1020,6318 W 14TH STREET RD,6318 W 14TH STREET RD
1021,1903 E 24TH STREET PL,1903 E 24TH STREET PL
1022,6450 S 6TH STREET RD,6450 S 6TH STREET RD
1023,9567 W 75TH WAY,9567 W 75TH WAY
1024,1572 S 15TH WAY,1572 S 15TH WAY
1025,24408 S 120TH WAY,24408 S 120TH WAY
1026,41 W 481ST,41 W 481ST
1027,502 E 5TH,502 E 5TH
1028,471 W 3RD,471 W 3RD
1029,8045 S 700E STE10,"[['DIGIT'], ['LETTER', 'DIR'], ['NUMS_1AL'], ['ALNUM', 'APT_NUM']]"
1030,737 N 114T ST,"[['DIGIT'], ['LETTER', 'DIR'], ['NUMS_1AL'], ['WAY', 'PRE']]"
1031,60 E SAN FRANCISCO 215 & 216,"[['DIGIT'], ['LETTER', 'DIR'], ['PRE'], ['ALPHA'], ['DIGIT'], [], ['DIGIT']]"
1032,1731 S SAN MARCOS 107,"[['DIGIT'], ['LETTER', 'DIR'], ['PRE'], ['ALPHA'], ['DIGIT']]"
1033,1821 S SAN JACINTO  E,"[['DIGIT'], ['LETTER', 'DIR'], ['PRE'], ['ALPHA'], ['LETTER', 'DIR']]"
1034,5555 E SANTA ANA CANYON RD,"[['DIGIT'], ['LETTER', 'DIR'], ['PRE'], ['ALPHA'], ['WORDWAY'], ['WAY']]"
1035,5579 E SANTA ANA CANYON RD,"[['DIGIT'], ['LETTER', 'DIR'], ['PRE'], ['ALPHA'], ['WORDWAY'], ['WAY']]"
1036,692 W SAN CARLOS WAY,"[['DIGIT'], ['LETTER', 'DIR'], ['PRE'], ['ALPHA'], ['WORDWAY']]"
1037,3910 E DEL MAR STE201,"[['DIGIT'], ['LETTER', 'DIR'], ['SP_ARTI'], ['ALPHA'], ['ALNUM', 'APT_NUM']]"
1038,11222 S LA CIENEGA BLVD #254,11222 S LA CIENEGA BLVD # 254
1039,870 W EL MONTE WAY STE L,"[['DIGIT'], ['LETTER', 'DIR'], ['SP_ARTI'], ['ALPHA'], ['WORDWAY'], ['APT'], ['LETTER']]"
1040,1517 E EL MONTE WAY,"[['DIGIT'], ['LETTER', 'DIR'], ['SP_ARTI'], ['ALPHA'], ['WORDWAY']]"
1041,870 W EL MONTE WAY,"[['DIGIT'], ['LETTER', 'DIR'], ['SP_ARTI'], ['ALPHA'], ['WORDWAY']]"
1042,180 E EL MONTE WAY,"[['DIGIT'], ['LETTER', 'DIR'], ['SP_ARTI'], ['ALPHA'], ['WORDWAY']]"
1043,5710 W GATE CITY BLVD STE K,5710 W GATE CITY BLVD STE K
1044,6925 E GATE RIDGE PL,6925 E GATE RIDGE PL
1045,1139 S HILL ST STE AU 140,1139 S HILL ST STE AU
1046,522 E AVE UNITB,522 E AVE UNITB
1047,500 N HWY 69 STE485,500 N HWY 69
1048,6705 W HWY 290 STE601,6705 W HWY 290
1049,4290 S HWY 27 201,4290 S HWY 27
1050,12543 N HWY 83 200,12543 N HWY 83
1051,5652 S HWY 85/87,5652 S HWY
1052,965 S HWY 25W ST 26,965 S HWY 25W
1053,3616 N FRY RD STE 210,3616 N FRY
1054,833 E FRY BLVD STE E,833 E FRY
1055,5502 N FRY RD STE K,5502 N FRY
1056,5201 N FRY RD B,5201 N FRY
1057,410 S FRY RD,410 S FRY
1058,3719 N FRY RD,3719 N FRY
1059,1481 E FRY BLVD,1481 E FRY
1060,400 W FRY BLVD,400 W FRY
1061,2010 W AVE J-8 113,2010 W AVE
1062,5935 S HIGHWAY A1A,"[['DIGIT'], ['LETTER', 'DIR'], ['WORDWAY'], ['ALNUM']]"
1063,4728 W AVENUE K8,"[['DIGIT'], ['LETTER', 'DIR'], ['WORDWAY'], ['ALNUM']]"
1064,1720 E AVENUE J9,"[['DIGIT'], ['LETTER', 'DIR'], ['WORDWAY'], ['ALNUM']]"
1065,3273 W AVENUE J10,"[['DIGIT'], ['LETTER', 'DIR'], ['WORDWAY'], ['ALNUM']]"
1066,3111 S VALLEY VIEW BLVD STE L118,3111 S VALLEY VIEW BLVD STE L118
1067,3111 S VALLEY VIEW BLVD STE E117,3111 S VALLEY VIEW BLVD STE E117
1068,3111 S VALLEY VIEW BLVD STE A121,3111 S VALLEY VIEW BLVD STE A121
1069,3111 S VALLEY VIEW BLVD STE A213,3111 S VALLEY VIEW BLVD STE A213
1070,5102 W VILLAGE GREEN DR STE 106,5102 W VILLAGE GREEN DR STE 106
1071,3863 S VALLEY VIEW BLVD STE 4,3863 S VALLEY VIEW BLVD STE 4
1072,6380 S VALLEY VIEW BLVD STE 222,6380 S VALLEY VIEW BLVD STE 222
1073,6625 S VALLEY VIEW BLVD STE 310,6625 S VALLEY VIEW BLVD STE 310
1074,5720 S VALLEY VIEW BLVD STE 201,5720 S VALLEY VIEW BLVD STE 201
1075,3960 W POINT LOMA BLVD STE H,3960 W POINT LOMA BLVD STE H
1076,4640 S VALLEY VIEW BLVD STE C,4640 S VALLEY VIEW BLVD STE C
1077,8601 W POINT DOUGLAS RD S,8601 W POINT DOUGLAS RD S
1078,3867 S VALLEY VIEW BLVD,3867 S VALLEY VIEW BLVD
1079,5767 E CANYON SPRINGS DR,5767 E CANYON SPRINGS DR
1080,4200 S VALLEY VIEW BLVD,4200 S VALLEY VIEW BLVD
1081,1385 W PARK WESTERN DR,1385 W PARK WESTERN DR
1082,14 W VILLAGE GREEN LN,14 W VILLAGE GREEN LN
1083,1860 N PARK VICTORIA DR,1860 N PARK VICTORIA DR
1084,25520 N AVENUE STANFORD,"[['DIGIT'], ['LETTER', 'DIR'], ['WORDWAY'], ['ALPHA']]"
1085,4201 S INTERSTATE 44 SERVICE RD,4201 S INTERSTATE 44
1086,1331 N HIGHWAY 190 STE 100 UNIT A,1331 N HIGHWAY 190 STE 100
1087,901 N HIGHWAY 67 ST,901 N HIGHWAY 67
1088,100 N HIGHWAY 90 BYP,100 N HIGHWAY 90
1089,8150 W AVENUE E # K-8,8150 W AVENUE E
1090,3136 E AVENUE S # R-14,3136 E AVENUE S
1091,17339 S AVENUE B 1/2,17339 S AVENUE B
1092,4985 W US 36TH,"[['DIGIT'], ['LETTER', 'DIR'], ['WORDWAY'], ['NTH']]"
1093,1708 N PARK ST BRENHAM,1708 N PARK ST
1094,5161 E COURT ST N STE1,5161 E COURT ST N
1095,2304 W PARK ROW DR STE 10-12,2304 W PARK ROW
1096,1700 W PARK ROW DR STE 116,1700 W PARK ROW
1097,2230 W PARK ROW DR,2230 W PARK ROW
1098,5249 N PARK PL NE # 220,5249 N PARK PL NE
1099,6121 W PARK BLVD # S-B127,6121 W PARK BLVD
1100,18555 S PARK PL DR,18555 S PARK PL
1101,7 S US HIGHWAY 12 UNIT A,7 S US HIGHWAY 12 UNIT A
1102,2450 N US HIGHWAY 12 STE G,2450 N US HIGHWAY 12 STE G
1103,300 E US HIGHWAY 24 STE D,300 E US HIGHWAY 24 STE D
1104,604 N US HIGHWAY 69,604 N US HIGHWAY 69
1105,728 S US HIGHWAY 131,728 S US HIGHWAY 131
1106,3367 S US HIGHWAY 41,3367 S US HIGHWAY 41
1107,1334 E US HIGHWAY 54,1334 E US HIGHWAY 54
1108,5635 W US HIGHWAY 64,5635 W US HIGHWAY 64
1109,558 N US HIGHWAY 441,558 N US HIGHWAY 441
1110,10220 E US HIGHWAY 24,10220 E US HIGHWAY 24
1111,7555 W US HIGHWAY 50,7555 W US HIGHWAY 50
1112,546 W US HIGHWAY 64,546 W US HIGHWAY 64
1113,890 E US HIGHWAY 45,890 E US HIGHWAY 45
1114,13550 S US HIGHWAY 231,13550 S US HIGHWAY 231
1115,3207 S US HIGHWAY 1,3207 S US HIGHWAY 1
1116,8631 S US HIGHWAY 1,8631 S US HIGHWAY 1
1117,2405 E US HIGHWAY 136,2405 E US HIGHWAY 136
1118,38350 N US HIGHWAY 45,38350 N US HIGHWAY 45
1119,14330 S US HIGHWAY 71,14330 S US HIGHWAY 71
1120,1952 N US HIGHWAY 41,1952 N US HIGHWAY 41
1121,2450 N US HIGHWAY 12,2450 N US HIGHWAY 12
1122,1011 W US HIGHWAY 24,1011 W US HIGHWAY 24
1123,1204 W US HIGHWAY 30,1204 W US HIGHWAY 30
1124,17201 E US HIGHWAY 40,17201 E US HIGHWAY 40
1125,2078 E US HIGHWAY 70,2078 E US HIGHWAY 70
1126,33251 N US HIGHWAY 45,33251 N US HIGHWAY 45
1127,319 W US HIGHWAY 19E BYP,"[['DIGIT'], ['LETTER', 'DIR'], ['WORDWAY'], ['WORDWAY'], ['NUMS_1AL'], ['WAY']]"
1128,304 S PLAZA PARK,"[['DIGIT'], ['LETTER', 'DIR'], ['WORDWAY'], ['WORDWAY']]"
1129,322 S PLAZA PARK,"[['DIGIT'], ['LETTER', 'DIR'], ['WORDWAY'], ['WORDWAY']]"
1130,1247 N VALLEY PIKE,"[['DIGIT'], ['LETTER', 'DIR'], ['WORDWAY'], ['WORDWAY']]"
1131,50 S PLAZA WAY,"[['DIGIT'], ['LETTER', 'DIR'], ['WORDWAY'], ['WORDWAY']]"
1132,1500 E VILLAGE WAY,"[['DIGIT'], ['LETTER', 'DIR'], ['WORDWAY'], ['WORDWAY']]"
1133,51 S GATEWAY,"[['DIGIT'], ['LETTER', 'DIR'], ['WORDWAY']]"
1134,133 N PLAZA,"[['DIGIT'], ['LETTER', 'DIR'], ['WORDWAY']]"
1135,2370 N EXPRESSWAY,"[['DIGIT'], ['LETTER', 'DIR'], ['WORDWAY']]"
1136,1150 S BOULEVARD,"[['DIGIT'], ['LETTER', 'DIR'], ['WORDWAY']]"
1137,1515 E PLAZA,"[['DIGIT'], ['LETTER', 'DIR'], ['WORDWAY']]"
1138,201 S I-45 STEA,"[['DIGIT'], ['LETTER', 'DIR'], [], ['ALPHA', 'APT_NUM']]"
1139,3707 N &TH ST STE300,"[['DIGIT'], ['LETTER', 'DIR'], [], ['ALPHA'], ['WAY', 'PRE'], ['ALNUM', 'APT_NUM']]"
1140,1071 S US-27,"[['DIGIT'], ['LETTER', 'DIR'], []]"
1141,2469 E,"[['DIGIT'], ['LETTER', 'DIR']]"
1142,54 P AND S LN STE C,"[['DIGIT'], ['LETTER'], ['ALPHA', 'CONJ'], ['LETTER', 'DIR'], ['WAY'], ['APT'], ['LETTER']]"
1143,10900 B STONELAKE BLVFD 102,"[['DIGIT'], ['LETTER'], ['ALPHA'], ['ALPHA'], ['DIGIT']]"
1144,736 J CLYDE MORRIS BLVD,"[['DIGIT'], ['LETTER'], ['ALPHA'], ['ALPHA'], ['WAY']]"
1145,8801 B WESLEY,"[['DIGIT'], ['LETTER'], ['ALPHA']]"
1146,18125 D SATICOY,"[['DIGIT'], ['LETTER'], ['ALPHA']]"
1147,119 F AABC,"[['DIGIT'], ['LETTER'], ['ALPHA']]"
1148,5310 A GLENMONT,"[['DIGIT'], ['LETTER'], ['ALPHA']]"
1149,1891 C AUSTIN,"[['DIGIT'], ['LETTER'], ['ALPHA']]"
1150,1950 A 7 DOUGLAS BLVD,7 DOUGLAS BLVD
1151,11919 I 70 FRONTAGE ROAD N 122,70 FRONTAGE ROAD N 122
1152,5461 M 72 NW,"[['DIGIT'], ['LETTER'], ['DIGIT'], ['DIR']]"
1153,1283 M 32 W,"[['DIGIT'], ['LETTER'], ['DIGIT'], ['LETTER', 'DIR']]"
1154,2025 B WEST MAIN ST,"[['DIGIT'], ['LETTER'], ['DIR'], ['ALPHA'], ['WAY', 'PRE']]"
1155,2302 A WEST COLLEGE ST,"[['DIGIT'], ['LETTER'], ['DIR'], ['ALPHA'], ['WAY', 'PRE']]"
1156,601 C SOUTH MAIN ST,"[['DIGIT'], ['LETTER'], ['DIR'], ['ALPHA'], ['WAY', 'PRE']]"
1157,514 A WEST MAIN ST,"[['DIGIT'], ['LETTER'], ['DIR'], ['ALPHA'], ['WAY', 'PRE']]"
1158,820 F NE E ST,"[['DIGIT'], ['LETTER'], ['DIR'], ['LETTER', 'DIR'], ['WAY', 'PRE']]"
1159,7309 U S 64 ALT,64 ALT
1160,1683 U S 9,"[['DIGIT'], ['LETTER'], ['LETTER', 'DIR'], ['DIGIT']]"
1161,301 U S 377,"[['DIGIT'], ['LETTER'], ['LETTER', 'DIR'], ['DIGIT']]"
1162,1150 U S 9,"[['DIGIT'], ['LETTER'], ['LETTER', 'DIR'], ['DIGIT']]"
1163,702 U S HWY 72,"[['DIGIT'], ['LETTER'], ['LETTER', 'DIR'], ['WAY'], ['DIGIT']]"
1164,4050 U S HIGHWAY 190 W,"[['DIGIT'], ['LETTER'], ['LETTER', 'DIR'], ['WORDWAY'], ['DIGIT'], ['LETTER', 'DIR']]"
1165,5912 U S HIGHWAY 49,"[['DIGIT'], ['LETTER'], ['LETTER', 'DIR'], ['WORDWAY'], ['DIGIT']]"
1166,118 B Y WILLIAMS SR DR,"[['DIGIT'], ['LETTER'], ['LETTER'], ['ALPHA'], ['ALPHA'], ['WAY']]"
1167,2122 P O BOX,"[['DIGIT'], ['LETTER'], ['LETTER'], ['POB2']]"
1168,161 B P LN,"[['DIGIT'], ['LETTER'], ['LETTER'], ['WAY']]"
1169,175 G ST STEB,175 G ST STEB
1170,1155 A HWY 40 W,1155 A HWY 40
1171,615 J STREET MENDOTA,"[['DIGIT'], ['LETTER'], ['WORDWAY'], ['ALPHA']]"
1172,20110 A & B PIONEER BLVD,"[['DIGIT'], ['LETTER'], [], ['LETTER'], ['ALPHA'], ['WAY']]"
1173,222 161ST GRAND CONCOURSE,"[['DIGIT'], ['NTH'], ['ALPHA'], ['APT']]"
1174,9636 11TH BAY ST,"[['DIGIT'], ['NTH'], ['ALPHA'], ['WAY', 'PRE']]"
1175,359 1ST NH TPKE,"[['DIGIT'], ['NTH'], ['ALPHA'], ['WAY']]"
1176,2205 1ST CAPITOL DR,"[['DIGIT'], ['NTH'], ['ALPHA'], ['WAY']]"
1177,248 1ST NH TPKE,"[['DIGIT'], ['NTH'], ['ALPHA'], ['WAY']]"
1178,3595 10400TH  S STE500,"[['DIGIT'], ['NTH'], ['LETTER', 'DIR'], ['ALNUM', 'APT_NUM']]"
1179,1114 14TH ST APTA,1114 14TH ST APTA
1180,2833 30TH ST UNIT 1/2,2833 30TH ST
1181,3195 28TH ST 100 WOODLAND MALL,3195 28TH ST 100
1182,2015 11TH ST NW AND 2017 11TH ST NW,2015 11TH ST NW
1183,711 12TH AVE PIER 88 & 90,711 12TH AVE
1184,123 12TH AVE COLUMBUS,123 12TH AVE
1185,1919 28TH AVE S # S 113,1919 28TH AVE S # S
1186,20 1ST AVE # 1FL,20 1ST AVE
1187,105 2ND AVE EXT,105 2ND AVE
1188,39450 3RD STREET EADT UNIT119,39450 3RD STREET
1189,12515 193RD AVENUE KP N,12515 193RD AVENUE
1190,1460 3RD STREET PROMENADE,1460 3RD STREET
1191,881 11TH LANE FI,881 11TH LANE
1192,22809 90TH WAY S APT C302,22809 90TH WAY S
1193,1918 9TH STREET 9TH,1918 9TH STREET
1194,3914 30TH STREET SAN DIEGO,3914 30TH STREET
1195,202 3RD LOOP RD STE J,202 3RD LOOP
1196,2524 31ST STREET DR NE,2524 31ST STREET
1197,2040 25TH STREET DR NE,2040 25TH STREET
1198,11505 10TH AVENUE CT E APT H301,11505 10TH AVENUE CT E
1199,13407 117TH AVENUE CT E,13407 117TH AVENUE CT E
1200,7312 141ST STREET CT E,7312 141ST STREET CT E
1201,18920 72ND AVENUE CT E,18920 72ND AVENUE CT E
1202,12812 166TH STREET CT E,12812 166TH STREET CT E
1203,5752 99TH AVENUE CIR E,5752 99TH AVENUE
1204,22205 139TH AVENUE CT E,22205 139TH AVENUE CT E
1205,8304 132ND STREET CT E,8304 132ND STREET CT E
1206,2004 2ND LOOP RD,2004 2ND LOOP
1207,3313 34TH AVENUE CT,3313 34TH AVENUE
1208,2105 7TH STREET RD,2105 7TH STREET
1209,466 2ND STREET PIKE,466 2ND STREET
1210,338 2ND STREET PIKE,338 2ND STREET
1211,105 17THE AVE NW,"[['DIGIT'], ['NUMSTR'], ['WAY'], ['DIR']]"
1212,174 3RRD AVE,"[['DIGIT'], ['NUMSTR'], ['WAY']]"
1213,30008 PO BOX,"[['DIGIT'], ['POB0'], ['POB2']]"
1214,50790 PO BOX,"[['DIGIT'], ['POB0'], ['POB2']]"
1215,214151 PO BOX,"[['DIGIT'], ['POB0'], ['POB2']]"
1216,2681012 PO BOX,"[['DIGIT'], ['POB0'], ['POB2']]"
1217,2016 PO BOX,"[['DIGIT'], ['POB0'], ['POB2']]"
1218,55661 PO BOX,"[['DIGIT'], ['POB0'], ['POB2']]"
1219,90072 PO BOX,"[['DIGIT'], ['POB0'], ['POB2']]"
1220,1286 PO BOX,"[['DIGIT'], ['POB0'], ['POB2']]"
1221,7720 PO BOX,"[['DIGIT'], ['POB0'], ['POB2']]"
1222,5789 PO BOX,"[['DIGIT'], ['POB0'], ['POB2']]"
1223,303 PO BOX,"[['DIGIT'], ['POB0'], ['POB2']]"
1224,67039 PO BOX,"[['DIGIT'], ['POB0'], ['POB2']]"
1225,8411 PO BOX,"[['DIGIT'], ['POB0'], ['POB2']]"
1226,6926 PO BOX,"[['DIGIT'], ['POB0'], ['POB2']]"
1227,2099 PO BOX,"[['DIGIT'], ['POB0'], ['POB2']]"
1228,2106 PO BOX,"[['DIGIT'], ['POB0'], ['POB2']]"
1229,36197 PO BOX,"[['DIGIT'], ['POB0'], ['POB2']]"
1230,259 PO BOX,"[['DIGIT'], ['POB0'], ['POB2']]"
1231,22148 PO BOX,"[['DIGIT'], ['POB0'], ['POB2']]"
1232,1302 PO BOX,"[['DIGIT'], ['POB0'], ['POB2']]"
1233,572063 PO BOX,"[['DIGIT'], ['POB0'], ['POB2']]"
1234,1 BOX CIR,"[['DIGIT'], ['POB2'], ['WAY']]"
1235,1 SAINT IVES COUNTRY CLUB DR,"[['DIGIT'], ['PRE'], ['ALPHA'], ['ALPHA'], ['ALPHA'], ['WAY']]"
1236,11235 SAINT JOHNS INDUSTRIAL PKWY N # 3,11235 SAINT JOHNS INDUSTRIAL PKWY N
1237,340 SANTA MONICA PIER,"[['DIGIT'], ['PRE'], ['ALPHA'], ['ALPHA']]"
1238,8101 SAN PEDRO NE SUITE G & H,"[['DIGIT'], ['PRE'], ['ALPHA'], ['DIR'], ['APT'], ['LETTER'], [], ['LETTER']]"
1239,31441 SANTA MARGARITA PKWY STE,31441 SANTA MARGARITA PKWY
1240,1523 SAN ELIJO RD S STE 108,1523 SAN ELIJO RD S
1241,11670 SAN VICENTE BLVD # UNIT,11670 SAN VICENTE BLVD
1242,15880 SAN CARLOS BLVD ST 190,15880 SAN CARLOS BLVD
1243,3550 SAN PABLO DAM RD STE B2,3550 SAN PABLO DAM
1244,3550 SAN PABLO DAM RD STE C,3550 SAN PABLO DAM
1245,2217 SAN RAMON VALLEY BLVD STE K,"[['DIGIT'], ['PRE'], ['ALPHA'], ['WORDWAY'], ['WAY'], ['APT'], ['LETTER']]"
1246,696 SAN RAMON VALLEY BLVD # 177,"[['DIGIT'], ['PRE'], ['ALPHA'], ['WORDWAY'], ['WAY'], ['POUND'], ['DIGIT']]"
1247,18080 SAN RAMON VALLEY BLVD # 1,"[['DIGIT'], ['PRE'], ['ALPHA'], ['WORDWAY'], ['WAY'], ['POUND'], ['DIGIT']]"
1248,480 SAN RAMON VALLEY BLVD,"[['DIGIT'], ['PRE'], ['ALPHA'], ['WORDWAY'], ['WAY']]"
1249,2570 SAN RAMON VALLEY BLVD,"[['DIGIT'], ['PRE'], ['ALPHA'], ['WORDWAY'], ['WAY']]"
1250,2550 SAN RAMON VALLEY BLVD,"[['DIGIT'], ['PRE'], ['ALPHA'], ['WORDWAY'], ['WAY']]"
1251,21314 SAN RAMON VALLEY BLVD,"[['DIGIT'], ['PRE'], ['ALPHA'], ['WORDWAY'], ['WAY']]"
1252,664 SAN RAMON VALLEY BLVD,"[['DIGIT'], ['PRE'], ['ALPHA'], ['WORDWAY'], ['WAY']]"
1253,402 SAINT DUNSTAN WAY,"[['DIGIT'], ['PRE'], ['ALPHA'], ['WORDWAY']]"
1254,30 SAINT JOHNS PARK,"[['DIGIT'], ['PRE'], ['ALPHA'], ['WORDWAY']]"
1255,1496 SAN JACINTO MALL,"[['DIGIT'], ['PRE'], ['ALPHA'], ['WORDWAY']]"
1256,40 SAN PEDRO WAY,"[['DIGIT'], ['PRE'], ['ALPHA'], ['WORDWAY']]"
1257,1155 SAINT LOUIS GALLERIA,"[['DIGIT'], ['PRE'], ['ALPHA'], ['WORDWAY']]"
1258,2602 SANTA ILIANA,"[['DIGIT'], ['PRE'], ['ALPHA']]"
1259,16156 SAN FERNANDO,"[['DIGIT'], ['PRE'], ['ALPHA']]"
1260,1800 EL CAMINO REALE STED,1800 EL CAMINO REALE STED
1261,6965 EL CAMINO REAL # STE105-171,6965 EL CAMINO REAL
1262,4807 EL CAMINO AVE STE A,4807 EL CAMINO AVE STE A
1263,2900 EL CAMINO AVE,2900 EL CAMINO AVE
1264,3347 EL CAMINO AVE,3347 EL CAMINO AVE
1265,4242 DEL RIO CAMI N 26,4242 DEL RIO CAMI N
1266,3160 DEL RIO CAMI  S 207,3160 DEL RIO CAMI S
1267,11 EL AIRE REAL RD,11 EL AIRE REAL
1268,31888 DEL OBISPO ST STE C9,31888 DEL OBISPO ST STE C9
1269,31878 DEL OBISPO ST STE 116,31878 DEL OBISPO ST STE 116
1270,31952 DEL OBISPO ST STE 300,31952 DEL OBISPO ST STE 300
1271,31952 DEL OBISPO ST STE 110,31952 DEL OBISPO ST STE 110
1272,28700 LAS HACIENDAS ST STE 104,28700 LAS HACIENDAS ST STE 104
1273,3170 DEL VINA ST,3170 DEL VINA ST
1274,5010 EL CAPITAN ST,5010 EL CAPITAN ST
1275,25042 DE SALLE ST,25042 DE SALLE ST
1276,19365 LA GUARDIA ST,19365 LA GUARDIA ST
1277,33585 DEL OBISPO ST,33585 DEL OBISPO ST
1278,31742 LOS RIOS ST,31742 LOS RIOS ST
1279,12119 LOS CERDOS ST,12119 LOS CERDOS ST
1280,977 LAS TUNAS ST,977 LAS TUNAS ST
1281,7109 LA PASEO ST,7109 LA PASEO ST
1282,127 LA PORTE ST,127 LA PORTE ST
1283,1800 EL PASO BLVD STE101,1800 EL PASO BLVD STE101
1284,1660 LA RUE RD STEB,1660 LA RUE RD STEB
1285,17503 LA CANTERA PKWY STE 104-453,17503 LA CANTERA PKWY STE 104-453
1286,3511 DEL PASO RD STE 160-402,3511 DEL PASO RD STE 160-402
1287,26051 LA PAZ RD STE 180,26051 LA PAZ RD STE 180
1288,1050 LAS TABLAS RD STE 1,1050 LAS TABLAS RD STE 1
1289,129 LOS ALTOS PKWY STE 119,129 LOS ALTOS PKWY STE 119
1290,3200 LA ROTONDA DR UNIT 405,3200 LA ROTONDA DR UNIT 405
1291,1232 LOS VALLECITOS BLVD STE 100,1232 LOS VALLECITOS BLVD STE 100
1292,265 EL DORADO BLVD APT 502,265 EL DORADO BLVD APT 502
1293,23162 LOS ALISOS BLVD STE 101,23162 LOS ALISOS BLVD STE 101
1294,1401 LOS GAMOS DR STE 200,1401 LOS GAMOS DR STE 200
1295,1030 EL MONTE AVE APT 210,1030 EL MONTE AVE APT 210
1296,6333 DE ZAVALA RD STE 102,6333 DE ZAVALA RD STE 102
1297,27001 LA PAZ RD STE 166,27001 LA PAZ RD STE 166
1298,2747 DEL MEDIO CT APT 312,2747 DEL MEDIO CT APT 312
1299,10025 DE SOTO AVE APT 118,10025 DE SOTO AVE APT 118
1300,6100 DE SOTO AVE APT 534,6100 DE SOTO AVE APT 534
1301,2711 DEL PASO RD STE 130,2711 DEL PASO RD STE 130
1302,7918 EL CAJON BLVD STE N 330,7918 EL CAJON BLVD STE N 330
1303,27281 LA PAZ RD STE Q,27281 LA PAZ RD STE Q
1304,25260 LA PAZ RD STE D,25260 LA PAZ RD STE D
1305,25240 LA PAZ RD STE D,25240 LA PAZ RD STE D
1306,23572 EL TORO RD STE C,23572 EL TORO RD STE C
1307,1300 EL PASEO RD STE I,1300 EL PASEO RD STE I
1308,1101 DEL MONTE AVE APT H,1101 DEL MONTE AVE APT H
1309,8697 LA MESA BLVD STE C,8697 LA MESA BLVD STE C
1310,15830 EL PRADO RD STE B,15830 EL PRADO RD STE B
1311,27261 LA PAZ RD STE A,27261 LA PAZ RD STE A
1312,110 LA VALETTE AVE STE C,110 LA VALETTE AVE STE C
1313,615 LAS TUNAS DR STE J,615 LAS TUNAS DR STE J
1314,1002 DEL MONTE AVE STE D,1002 DEL MONTE AVE STE D
1315,4416 LOS METATES RD NW,4416 LOS METATES RD NW
1316,500 EL PARAISO RD NE,500 EL PARAISO RD NE
1317,3545 LAS VEGAS BLVD S STE L5,3545 LAS VEGAS BLVD S STE L5
1318,3200 LAS VEGAS BLVD S STE 1265,3200 LAS VEGAS BLVD S STE 1265
1319,32100 LAS VEGAS BLVD S STE 424,32100 LAS VEGAS BLVD S STE 424
1320,3930 LAS VEGAS BLVD S STE 130,3930 LAS VEGAS BLVD S STE 130
1321,3615 LAS VEGAS BLVD S STE 102,3615 LAS VEGAS BLVD S STE 102
1322,1338 DEL PRADO BLVD S STE 9,1338 DEL PRADO BLVD S STE 9
1323,3377 LAS VEGAS BLVD S STE 2300,3377 LAS VEGAS BLVD S STE 2300
1324,3663 LAS VEGAS BLVD S STE 590,3663 LAS VEGAS BLVD S STE 590
1325,6543 LAS VEGAS BLVD S UNIT 137,6543 LAS VEGAS BLVD S UNIT 137
1326,397 LAS COLINAS BLVD E STE 180,397 LAS COLINAS BLVD E STE 180
1327,601 DEL PRADO BLVD N STE 10,601 DEL PRADO BLVD N STE 10
1328,2301 DEL PRADO BLVD S STE 665,2301 DEL PRADO BLVD S STE 665
1329,8255 LAS VEGAS BLVD S UNIT 807,8255 LAS VEGAS BLVD S UNIT 807
1330,3930 LAS VEGAS BLVD S STE 121B,3930 LAS VEGAS BLVD S STE 121B
1331,725 LAS VEGAS BLVD S # 230,725 LAS VEGAS BLVD S # 230
1332,1341 DEL PRADO BLVD S # 1,1341 DEL PRADO BLVD S # 1
1333,1939 DEL PRADO BLVD S,1939 DEL PRADO BLVD S
1334,3500 LAS VEGAS BLVD S,3500 LAS VEGAS BLVD S
1335,1341 DEL PRADO BLVD S,1341 DEL PRADO BLVD S
1336,7582 LAS VEGAS BLVD S,7582 LAS VEGAS BLVD S
1337,2444 LAS VEGAS BLVD N,2444 LAS VEGAS BLVD N
1338,3663 LAS VEGAS BLVD S,3663 LAS VEGAS BLVD S
1339,3730 LAS VEGAS BLVD S,3730 LAS VEGAS BLVD S
1340,6730 LAS VEGAS BLVD S,6730 LAS VEGAS BLVD S
1341,3325 LAS VEGAS BLVD S,3325 LAS VEGAS BLVD S
1342,3667 LAS VEGAS BLVD S,3667 LAS VEGAS BLVD S
1343,6114 LA SALLE AVE # 745,6114 LA SALLE AVE # 745
1344,10708 LOS ALAMITOS BLVD,10708 LOS ALAMITOS BLVD
1345,1060 DEL NORTE RD,1060 DEL NORTE RD
1346,6802 LOS REYES CIR,6802 LOS REYES CIR
1347,12261 LA MIRADA BLVD,12261 LA MIRADA BLVD
1348,413 LAS TUNAS DR,413 LAS TUNAS DR
1349,4520 LAS POSITAS RD,4520 LAS POSITAS RD
1350,2259 LAS POSITAS RD,2259 LAS POSITAS RD
1351,8807 LA MESA BLVD,8807 LA MESA BLVD
1352,22961 DE KALB DR,22961 DE KALB DR
1353,30 LAS TUNAS DR,30 LAS TUNAS DR
1354,4716 LOS CEREZOS DR,4716 LOS CEREZOS DR
1355,2160 EL JOBEAN RD,2160 EL JOBEAN RD
1356,3661 LAS POSAS RD,3661 LAS POSAS RD
1357,4537 EL CAMPO AVE,4537 EL CAMPO AVE
1358,13 LA CUMBRE CIR,13 LA CUMBRE CIR
1359,574 LA SIERRA DR,574 LA SIERRA DR
1360,7875 LA MESA BLVD,7875 LA MESA BLVD
1361,3505 EL HOGAR CT,3505 EL HOGAR CT
1362,7107 LA COSA DR,7107 LA COSA DR
1363,6936 LA LOMA DR,6936 LA LOMA DR
1364,4825 LA SIERRA AVE,4825 LA SIERRA AVE
1365,13607 LOS OLIVOS AVE,13607 LOS OLIVOS AVE
1366,2419 EL CAJON BLVD,2419 EL CAJON BLVD
1367,11863 LA GRANGE AVE,11863 LA GRANGE AVE
1368,1747 LA SALLE AVE,1747 LA SALLE AVE
1369,3184 EL SEGUNDO BLVD,3184 EL SEGUNDO BLVD
1370,1284 LOS OLIVOS DR,1284 LOS OLIVOS DR
1371,11272 LOS ALAMITOS BLVD,11272 LOS ALAMITOS BLVD
1372,1715 LA SALLE AVE,1715 LA SALLE AVE
1373,1008 EL TORO DR,1008 EL TORO DR
1374,261 LOS ALTOS PL,261 LOS ALTOS PL
1375,4119 EL CAJON BLVD,4119 EL CAJON BLVD
1376,8703 LA MESA BLVD,8703 LA MESA BLVD
1377,8302 LA MESA BLVD,8302 LA MESA BLVD
1378,540 LOS ALTOS AVE,540 LOS ALTOS AVE
1379,5125 EL CAJON BLVD,5125 EL CAJON BLVD
1380,14750 LA VERNIA RD,14750 LA VERNIA RD
1381,203 DE ANZA BLVD,203 DE ANZA BLVD
1382,3102 DEL MONTE BLVD,3102 DEL MONTE BLVD
1383,3515 EL JAMES DR,3515 EL JAMES DR
1384,15795 LOS GATOS BLVD,15795 LOS GATOS BLVD
1385,16505 LA CANTERA PKWY,16505 LA CANTERA PKWY
1386,845 LOS ANGELES AVE,845 LOS ANGELES AVE
1387,5071 LA SARRE DR,5071 LA SARRE DR
1388,1020 EL CAJON BLVD,1020 EL CAJON BLVD
1389,195 EL CERRITO PLZ,195 EL CERRITO PLZ
1390,79 LOS PADRES DR,79 LOS PADRES DR
1391,6112 LA SALLE AVE,6112 LA SALLE AVE
1392,601 DEL GANADO RD,601 DEL GANADO RD
1393,15879 LA FLORESTA DR,15879 LA FLORESTA DR
1394,8130 LA MESA BLVD,8130 LA MESA BLVD
1395,5416 EL CAJON BLVD,5416 EL CAJON BLVD
1396,441 LA PRENDA RD,441 LA PRENDA RD
1397,29473 EL PRESIDIO LN,29473 EL PRESIDIO LN
1398,6937 EL CAJON BLVD,6937 EL CAJON BLVD
1399,562 LAS POSAS RD,562 LAS POSAS RD
1400,5921 EL CAJON BLVD,5921 EL CAJON BLVD
1401,1804 EL DORADO TER,1804 EL DORADO TER
1402,34155 EL ROBLE AVE,34155 EL ROBLE AVE
1403,2432 EL CAJON BLVD,2432 EL CAJON BLVD
1404,1320 EL RANCHO DR,1320 EL RANCHO DR
1405,11102 LOS ALAMITOS BLVD,11102 LOS ALAMITOS BLVD
1406,9211 LAS TUNAS DR,9211 LAS TUNAS DR
1407,4771 DE INVIERNO PL,4771 DE INVIERNO PL
1408,1725 LA QUESTA DR,1725 LA QUESTA DR
1409,7918 EL CAJON BLVD,7918 EL CAJON BLVD
1410,5910 DEL STARR DR,5910 DEL STARR DR
1411,8751 LA MESA BLVD,8751 LA MESA BLVD
1412,970 LOS VALLECITOS BLVD,970 LOS VALLECITOS BLVD
1413,62 DE HARO LN,62 DE HARO LN
1414,8320 LA MESA BLVD,8320 LA MESA BLVD
1415,3246 EL INDIO HWY,3246 EL INDIO HWY
1416,7534 DEL MONTE DR,7534 DEL MONTE DR
1417,9475 LAS TUNAS DR,9475 LAS TUNAS DR
1418,3017 EL TOVAR AVE,3017 EL TOVAR AVE
1419,5456 LA PALMA AVE,5456 LA PALMA AVE
1420,4315 LA RICA AVE,4315 LA RICA AVE
1421,8945 DE SOTO AVE,8945 DE SOTO AVE
1422,265 EL DORADO BLVD,265 EL DORADO BLVD
1423,17503 LA CANTERA PKWY,17503 LA CANTERA PKWY
1424,7281 EL CAJON BLVD,7281 EL CAJON BLVD
1425,6366 EL CAJON BLVD,6366 EL CAJON BLVD
1426,27932 LA PAZ RD,27932 LA PAZ RD
1427,2414 LA LOMA DR,2414 LA LOMA DR
1428,26433 DEL PRADO AVE,26433 DEL PRADO AVE
1429,328 EL FAISAN DR,328 EL FAISAN DR
1430,3800 LA PRADA DR,3800 LA PRADA DR
1431,5969 EL CAJON BLVD,5969 EL CAJON BLVD
1432,4607 LA MANCHA DR,4607 LA MANCHA DR
1433,15300 LOS GATOS BLVD,15300 LOS GATOS BLVD
1434,235 EL CERRITO AVE,235 EL CERRITO AVE
1435,4537 DEL MAR DR,4537 DEL MAR DR
1436,3334 LOS NOGALES RD,3334 LOS NOGALES RD
1437,1575 LOS ANGELES AVE,1575 LOS ANGELES AVE
1438,26125 EL PASO PL,26125 EL PASO PL
1439,15899 LOS GATOS BLVD,15899 LOS GATOS BLVD
1440,229 DE LEE DR,229 DE LEE DR
1441,6425 EL CAJON BLVD,6425 EL CAJON BLVD
1442,612 LAS POSAS RD,612 LAS POSAS RD
1443,829 LA SHELLE LN,829 LA SHELLE LN
1444,3060 EL CERRITO PLAZA LINE 274,3060 EL CERRITO PLAZA
1445,4545 LA JOLLA VILLAGE DR STE E25,4545 LA JOLLA VILLAGE
1446,10888 LA TUNA CANYON RD,10888 LA TUNA CANYON
1447,160 LA PLAZA PH 31,"[['DIGIT'], ['SP_ARTI'], ['WORDWAY'], ['ALPHA'], ['DIGIT']]"
1448,25660 LA HIGHWAY 1032,"[['DIGIT'], ['SP_ARTI'], ['WORDWAY'], ['DIGIT']]"
1449,24731 LA PLAZA,"[['DIGIT'], ['SP_ARTI'], ['WORDWAY']]"
1450,6515 ST MARK WAY,"[['DIGIT'], ['WAY', 'PRE'], ['ALPHA'], ['WORDWAY']]"
1451,72 ST HWY 146E,"[['DIGIT'], ['WAY', 'PRE'], ['WAY'], ['NUMS_1AL']]"
1452,104 HILL VALLEY WALK,104 HILL VALLEY
1453,246 CR A020,"[['DIGIT'], ['WAY'], ['ALNUM']]"
1454,285 DR MARTIN LUTHER KING JR BLVD,"[['DIGIT'], ['WAY'], ['ALPHA'], ['ALPHA'], ['ALPHA'], ['ALPHA'], ['WAY']]"
1455,28626 HWY EIGHTEEN,"[['DIGIT'], ['WAY'], ['ALPHA']]"
1456,1156 AVE OF THE AMERICAS STE720,"[['DIGIT'], ['WAY'], ['ARTI'], ['ARTI'], ['ALPHA'], ['ALNUM', 'APT_NUM']]"
1457,1251 AVE OF THE AMERICAS FL3,"[['DIGIT'], ['WAY'], ['ARTI'], ['ARTI'], ['ALPHA'], ['ALNUM', 'APT_NUM']]"
1458,145 AVE OF THE AMERICAS 5C,"[['DIGIT'], ['WAY'], ['ARTI'], ['ARTI'], ['ALPHA'], ['NUMS_1AL']]"
1459,1185 AVE OF THE AMERICAS,"[['DIGIT'], ['WAY'], ['ARTI'], ['ARTI'], ['ALPHA']]"
1460,1211 AVE OF THE AMERICAS,"[['DIGIT'], ['WAY'], ['ARTI'], ['ARTI'], ['ALPHA']]"
1461,190 AVE OF THE AMERICAS,"[['DIGIT'], ['WAY'], ['ARTI'], ['ARTI'], ['ALPHA']]"
1462,10728 HWY 36 ROCKVILLE RD,10728 HWY 36
1463,600 RT 45 STE BD E,600 RT 45 STE BD
1464,72785 HWY 111 STE B 1,72785 HWY 111 STE B 1
1465,13503 HWY 59 SOUTH B,13503 HWY 59 SOUTH
1466,519 RT 46 E PIAGET AVE,519 RT 46 E
1467,415 HWY 13 S STE D,415 HWY 13 S
1468,4003 HWY 78 STE530-144,4003 HWY 78
1469,3079 RT 27 SUITE-A,3079 RT 27
1470,8049 HWY 83/84  S,"[['DIGIT'], ['WAY'], ['DIGSLASH'], ['LETTER', 'DIR']]"
1471,1320 HWY 60/84,"[['DIGIT'], ['WAY'], ['DIGSLASH']]"
1472,1518 AVE E,"[['DIGIT'], ['WAY'], ['LETTER', 'DIR']]"
1473,6908 AVE E,"[['DIGIT'], ['WAY'], ['LETTER', 'DIR']]"
1474,26 AVE A CORNWALL ON HUDSON,"[['DIGIT'], ['WAY'], ['LETTER'], ['ALPHA'], ['ALPHA', 'PREP'], ['ALPHA']]"
1475,2520 AVE K STE700-715,"[['DIGIT'], ['WAY'], ['LETTER'], []]"
1476,450 EST 2ND ST,"[['DIGIT'], ['WAY'], ['NTH'], ['WAY', 'PRE']]"
1477,6037 FRY RD STE 126-181,"[['DIGIT'], ['WAY'], ['WAY'], ['APT'], ['DIGDASH']]"
1478,9814 FRY RD STE 120,"[['DIGIT'], ['WAY'], ['WAY'], ['APT'], ['DIGIT']]"
1479,6201 FRY RD STE B,"[['DIGIT'], ['WAY'], ['WAY'], ['APT'], ['LETTER']]"
1480,2211 FRY RD STE H,"[['DIGIT'], ['WAY'], ['WAY'], ['APT'], ['LETTER']]"
1481,10611 FRY RD,"[['DIGIT'], ['WAY'], ['WAY']]"
1482,10920 FRY RD,"[['DIGIT'], ['WAY'], ['WAY']]"
1483,1014 FRY LN,"[['DIGIT'], ['WAY'], ['WAY']]"
1484,9814 FRY RD,"[['DIGIT'], ['WAY'], ['WAY']]"
1485,2536 KY ROUTE 404,"[['DIGIT'], ['WAY'], ['WORDWAY'], ['DIGIT']]"
1486,6290 KY,"[['DIGIT'], ['WAY']]"
1487,220 HIGHWAY A1A,"[['DIGIT'], ['WORDWAY'], ['ALNUM']]"
1488,1816 PASS AND COVINA RD,1816 PASS AND
1489,137 VILLAGE AT GLYNN PL,137 VILLAGE AT
1490,1329 GALLERIA AT TYLER,1329 GALLERIA AT
1491,2256 GALLERIA AT TYLER,2256 GALLERIA AT
1492,2154 GALLERIA AT TYLER,2154 GALLERIA AT
1493,2077 GALLERIA AT TYLER,2077 GALLERIA AT
1494,5454 GATEWAY CENTRE STEA,5454 GATEWAY CENTRE STEA
1495,12832 VALLEY VIEW ST STE,12832 VALLEY VIEW ST
1496,8103 CREEK BEND DR SUITE,8103 CREEK BEND DR
1497,4901 POINT FOSDICK DR NW STE 6,4901 POINT FOSDICK DR NW
1498,610 GATEWAY CENTER WAY STE G,610 GATEWAY CENTER WAY STE G
1499,44402 VALLEY CENTRAL WAY,44402 VALLEY CENTRAL WAY
1500,5800 VALLEY SPRINGS WAY,5800 VALLEY SPRINGS WAY
1501,1026 VALLEY VIEW MALL,1026 VALLEY VIEW MALL
1502,2616 POINT REYES WAY,2616 POINT REYES WAY
1503,107 TRAIL RIDER WAY,107 TRAIL RIDER WAY
1504,495 BOULEVARD STE 2,"[['DIGIT'], ['WORDWAY'], ['APT'], ['DIGIT']]"
1505,2531 VILLAGE SIDE DR,2531 VILLAGE SIDE DR
1506,405 PARKWAY SUITE,"[['DIGIT'], ['WORDWAY'], ['APT']]"
1507,400 TRAIL OF MERLIN,"[['DIGIT'], ['WORDWAY'], ['ARTI'], ['ALPHA']]"
1508,258 STREET OF DREAMS,"[['DIGIT'], ['WORDWAY'], ['ARTI'], ['ALPHA']]"
1509,5610 COURT OF YORK,"[['DIGIT'], ['WORDWAY'], ['ARTI'], ['ALPHA']]"
1510,627 HIGHWAY 62-65  N,"[['DIGIT'], ['WORDWAY'], ['DIGDASH'], ['LETTER', 'DIR']]"
1511,1024 HIGHWAY 471 STEC,1024 HIGHWAY 471 STEC
1512,2424 HIGHWAY 6 AND 50,2424 HIGHWAY 6
1513,1097 ROUTE 55 MAILBOX 4,1097 ROUTE 55
1514,1305 HIGHWAY 9 BYAPASS WEST,1305 HIGHWAY 9
1515,11617 US 70 BUSINESS HWY W,70 BUSINESS HWY W
1516,11471 US 70 BUSINESS HWY W,70 BUSINESS HWY W
1517,1042 INTERSTATE 35 FRONTAGE RD,1042 INTERSTATE 35
1518,1299 US 9 SCHROON LK,1299 US 9
1519,55750 ROUTE 25 MAIN ROAD,55750 ROUTE 25
1520,41474 HIGHWAY 41 WADSWORTH,41474 HIGHWAY 41
1521,3993 HIGHWAY 17 BUSINESS,3993 HIGHWAY 17
1522,2517 HIGHWAY 35 BLDG H STE 1,2517 HIGHWAY 35 BLDG H
1523,73910 HIGHWAY 111 STE D&E,73910 HIGHWAY 111 STE D
1524,1409 HIGHWAY 62 65 N,1409 HIGHWAY 62 65
1525,10242 AVENUE 19 1/2,10242 AVENUE 19
1526,1200 HIGHWAY 74 S # STE-16,1200 HIGHWAY 74 S
1527,680 ROUTE 33 E - UNIT 6,680 ROUTE 33 E
1528,7501 US 287 HWY STE B1,7501 US 287 HWY STE B1
1529,1869 HIGHWAY 45 BYP STE 1,1869 HIGHWAY 45 BYP STE 1
1530,8111 US 287 HWY BLDG H,8111 US 287 HWY BLDG H
1531,120 PARK 42 DR STE D,120 PARK 42 DR STE D
1532,11990 HIGHWAY 17 BYP 1,11990 HIGHWAY 17 BYP 1
1533,4953 HIGHWAY 17 BYP S STE 105,4953 HIGHWAY 17 BYP S
1534,6298 HIGHWAY 36 BLVD N M,6298 HIGHWAY 36 BLVD N
1535,1201 US 221 HWY S,1201 US 221 HWY S
1536,550 HIGHWAY 51 BYP W,550 HIGHWAY 51 BYP W
1537,5370 US 78 HWY ST,5370 US 78 HWY
1538,1816 US 601 HWY,1816 US 601 HWY
1539,35979 HIGHWAY 56 BLVD,35979 HIGHWAY 56 BLVD
1540,2207 HIGHWAY 35 BYP,2207 HIGHWAY 35 BYP
1541,400 ROUTE 315 HWY,400 ROUTE 315 HWY
1542,1041 ROUTE 22 & 6,1041 ROUTE 22
1543,7000 BOULEVARD EAST M9,"[['DIGIT'], ['WORDWAY'], ['DIR'], ['ALNUM']]"
1544,21 ROUTE 31N STEC2-3,21 ROUTE 31N
1545,317 PLAZA DE BENITO JUAREZ,"[['DIGIT'], ['WORDWAY'], ['SP_ARTI'], ['ALPHA'], ['ALPHA']]"
1546,50 TERMINAL ST STE 2 UNIT 101,50 TERMINAL ST STE 2 UNIT 101
1547,1746 JUNCTION AVE STE F&G,1746 JUNCTION AVE STE F
1548,4101 US HWY 77 MP,4101 US HWY 77
1549,117548 US HWY 69  S,117548 US HWY 69
1550,9302 US HWY 175  W,9302 US HWY 175
1551,100 PARK AVE W APT B1,100 PARK AVE W
1552,16461 VILLAGE PLAZA VIEW DR,16461 VILLAGE PLAZA
1553,1517 PIKE PLACE MARKET,1517 PIKE PLACE
1554,11811 US HIGHWAY 1 # 200/204,11811 US HIGHWAY 1
1555,205 US HIGHWAY 1 BYP S,205 US HIGHWAY 1
1556,581 US HIGHWAY 41 BYP N,581 US HIGHWAY 41
1557,645 US HIGHWAY 202/206,645 US HIGHWAY
1558,4102 US HIGHWAY 26/85,4102 US HIGHWAY
1559,26735 US HIGHWAY 350E STE109,26735 US HIGHWAY 350E
1560,6938 US HIGHWAY 90A W,6938 US HIGHWAY 90A
1561,1495 US HIGHWAY 74A BYP,1495 US HIGHWAY 74A
1562,65 VILLAGE CIRCLE WAY APT 9,65 VILLAGE CIRCLE
1563,1235 PARKWAY,"[['DIGIT'], ['WORDWAY']]"
1564,7725 GATEWAY,"[['DIGIT'], ['WORDWAY']]"
1565,832 PARKWAY,"[['DIGIT'], ['WORDWAY']]"
1566,624 PARKWAY,"[['DIGIT'], ['WORDWAY']]"
1567,27 PARKWAY,"[['DIGIT'], ['WORDWAY']]"
1568,1410 BOULEVARD,"[['DIGIT'], ['WORDWAY']]"
1569,425 HURFFVILLE-CROSS KYS 8081,"[['DIGIT'], [], ['ALPHA'], ['DIGIT']]"
1570,13135 E/ TULARE AVE,"[['DIGIT'], [], ['ALPHA'], ['WAY']]"
1571,13 MILFORD-CROSS KEYS RD,"[['DIGIT'], [], ['ALPHA'], ['WAY']]"
1572,1354 & 135 ABBOT KINNEY BLVD,135 ABBOT KINNEY BLVD
1573,409 & 411 HIGH ST,411 HIGH ST
1574,555 & 553 HOTEL PLZ,553 HOTEL PLZ
1575,103 - 111 E MAIN ST,111 E MAIN ST
1576,1212 - 1216 S BALDWIN AVE,1216 S BALDWIN AVE
1577,406 - 408 S 2ND STREET,408 S 2ND STREET
1578,24 & 26 S VILLAGE AVENUE,"[['DIGIT'], [], ['DIGIT'], ['LETTER', 'DIR'], ['WORDWAY'], ['WORDWAY']]"
1579,133 & 135 4TH ST,135 4TH ST
1580,4500 I-55  N STE145,"[['DIGIT'], [], ['LETTER', 'DIR'], ['ALNUM', 'APT_NUM']]"
1581,6314 - E GRAVEL AVENUE,"[['DIGIT'], [], ['LETTER', 'DIR'], ['ALPHA'], ['WORDWAY']]"
1582,3329 'M' ST,"[['DIGIT'], [], ['WAY', 'PRE']]"
1583,2050 L'VILLE HWY D-26,"[['DIGIT'], [], ['WAY'], []]"
1584,2127 LOHMAN'S CROSSING RD ST 3,"[['DIGIT'], [], ['WORDWAY'], ['WAY'], ['WAY', 'PRE'], ['DIGIT']]"
1585,4875 TX-6,"[['DIGIT'], []]"
1586,88924 AL-9,"[['DIGIT'], []]"
1587,6603 US-9,"[['DIGIT'], []]"
1588,1070 NJ-34,"[['DIGIT'], []]"
1589,900 US-1,"[['DIGIT'], []]"
1590,8637 NY-36,"[['DIGIT'], []]"
1591,1215 NY-199,"[['DIGIT'], []]"
1592,924/926 HINGHAM ST,"[['DIGSLASH'], ['ALPHA'], ['WAY', 'PRE']]"
1593,116/118 HOUSTON ST,"[['DIGSLASH'], ['ALPHA'], ['WAY', 'PRE']]"
1594,S PRICE ST,"[['LETTER', 'DIR'], ['ALPHA'], ['WAY', 'PRE']]"
1595,N 80 W 149 APPLETON AVE,80 W 149 APPLETON AVE
1596,N 15481 A-1 ROAD,"[['LETTER', 'DIR'], ['DIGIT'], [], ['WORDWAY']]"
1597,E 140TH ST,"[['LETTER', 'DIR'], ['NTH'], ['WAY', 'PRE']]"
1598,E GATE PLZ STE1,"[['LETTER', 'DIR'], ['WAY', 'WORDWAY'], ['WAY'], ['ALNUM', 'APT_NUM']]"
1599,P O OFFICE BOX,"[['LETTER'], ['LETTER'], ['ALPHA'], ['POB2']]"
1600,P O BOX,"[['LETTER'], ['LETTER'], ['POB2']]"
1601,108TH W CHANNEL RD,"[['NTH'], ['LETTER', 'DIR'], ['ALPHA'], ['WAY']]"
1602,27TH E 4TH ST,"[['NTH'], ['LETTER', 'DIR'], ['NTH'], ['WAY', 'PRE']]"
1603,29TH 3RD ST,"[['NTH'], ['NTH'], ['WAY', 'PRE']]"
1604,3RD ST,"[['NTH'], ['WAY', 'PRE']]"
1605,8TH AVE,"[['NTH'], ['WAY']]"
1606,18A BEL AIR SOUTH PKWY,"[['NUMS_1AL'], ['ALPHA'], ['ALPHA'], ['DIR'], ['WAY']]"
1607,3011B PRIMO COLORES,"[['NUMS_1AL'], ['ALPHA'], ['ALPHA']]"
1608,3614A CALIFORNIA AVE SW # 207,3614A CALIFORNIA AVE SW
1609,5902A INDIAN TRAIL FAIRVIEW RD,"[['NUMS_1AL'], ['ALPHA'], ['WORDWAY'], ['ALPHA'], ['WAY']]"
1610,547D STRATFORD SQUARE MALL,"[['NUMS_1AL'], ['ALPHA'], ['WORDWAY'], ['WORDWAY']]"
1611,547B STRATFORD SQUARE MALL,"[['NUMS_1AL'], ['ALPHA'], ['WORDWAY'], ['WORDWAY']]"
1612,8A INDUSTRIAL WAY,"[['NUMS_1AL'], ['ALPHA'], ['WORDWAY']]"
1613,34A BROADWAY,"[['NUMS_1AL'], ['ALPHA']]"
1614,155A BROADWAY,"[['NUMS_1AL'], ['ALPHA']]"
1615,401B NE 28TH AVE,"[['NUMS_1AL'], ['DIR'], ['NTH'], ['WAY']]"
1616,754A SOUTH ST,"[['NUMS_1AL'], ['DIR'], ['WAY', 'PRE']]"
1617,14A NORTH ST,"[['NUMS_1AL'], ['DIR'], ['WAY', 'PRE']]"
1618,2984N N ALMA SCHOOL RD,"[['NUMS_1AL'], ['LETTER', 'DIR'], ['ALPHA'], ['ALPHA'], ['WAY']]"
1619,5205A E PACIFIC COAST HWY,"[['NUMS_1AL'], ['LETTER', 'DIR'], ['ALPHA'], ['ALPHA'], ['WAY']]"
1620,724A W BROADWAY,"[['NUMS_1AL'], ['LETTER', 'DIR'], ['ALPHA']]"
1621,260A W 18TH ST,"[['NUMS_1AL'], ['LETTER', 'DIR'], ['NTH'], ['WAY', 'PRE']]"
1622,202A W 26TH ST,"[['NUMS_1AL'], ['LETTER', 'DIR'], ['NTH'], ['WAY', 'PRE']]"
1623,600B H ST NE,"[['NUMS_1AL'], ['LETTER'], ['WAY', 'PRE'], ['DIR']]"
1624,133560N PO BOX,"[['NUMS_1AL'], ['POB0'], ['POB2']]"
1625,2118A EL CAMINO REAL,"[['NUMS_1AL'], ['SP_ARTI'], ['ALPHA', 'SP_WAY'], ['ALPHA']]"
1626,194A ROUTE 70,"[['NUMS_1AL'], ['WORDWAY'], ['DIGIT']]"
1627,865B US HWY 45N,"[['NUMS_1AL'], ['WORDWAY'], ['WAY'], ['NUMS_1AL']]"
1628,1036B PARK BLVD,"[['NUMS_1AL'], ['WORDWAY'], ['WAY']]"
1629,2524MARTIN LUTHERKING BLDG8201,"[['NUMSTR'], ['ALPHA'], ['ALNUM', 'APT_NUM']]"
1630,11206FLYIN GEESE LN,"[['NUMSTR'], ['ALPHA'], ['WAY']]"
1631,123ASTRONAUT E S ONIZUKA ST202,"[['NUMSTR'], ['LETTER', 'DIR'], ['LETTER', 'DIR'], ['ALPHA'], ['ALNUM']]"
1632,4499NW 18TH AVE,"[['NUMSTR'], ['NTH'], ['WAY']]"
1633,2300BERNAD 519TH,"[['NUMSTR'], ['NTH']]"
1634,12JENNIFER ST 1,"[['NUMSTR'], ['WAY', 'PRE'], ['DIGIT']]"
1635,21090BAYLI ST,"[['NUMSTR'], ['WAY', 'PRE']]"
1636,10MONMOUTH ST,"[['NUMSTR'], ['WAY', 'PRE']]"
1637,140CLIFTY DR STEA,"[['NUMSTR'], ['WAY'], ['ALPHA', 'APT_NUM']]"
1638,810PELHAM PKWY  S,"[['NUMSTR'], ['WAY'], ['LETTER', 'DIR']]"
1639,590CO HWY 3A,"[['NUMSTR'], ['WAY'], ['NUMS_1AL']]"
1640,661SOUTH AVE,"[['NUMSTR'], ['WAY']]"
1641,2067TORRAN BLVD,"[['NUMSTR'], ['WAY']]"
1642,14530CAMDE AVE,"[['NUMSTR'], ['WAY']]"
1643,2297CENTRA PARK DR,"[['NUMSTR'], ['WORDWAY'], ['WAY']]"
1644,111SPACE PARK DR,"[['NUMSTR'], ['WORDWAY'], ['WAY']]"
1645,1717NONAVI ROAD,"[['NUMSTR'], ['WORDWAY']]"
1646,PO BOX 583 BROADWAY & 7TH ST,583 BROADWAY
1647,LAS VEGAS,"[['SP_ARTI'], ['ALPHA']]"
1648,BRG 60 BROADWAY,60 BROADWAY
1649,HWY 41 & 62,"[['WAY'], ['DIGIT'], [], ['DIGIT']]"
1650,DEPT 02717119,"[['WAY'], ['DIGIT']]"
1651,CIRCLE CENTER MALL,"[['WORDWAY'], ['ALPHA'], ['WORDWAY']]"
1652,GALLERIA LLC,"[['WORDWAY'], ['ALPHA']]"
1653,ROUTE 209,"[['WORDWAY'], ['DIGIT']]"
1654,ROUTE 611,"[['WORDWAY'], ['DIGIT']]"
1655,7381-A BALTIMORE ANNAPOLIS BLVD,"[[], ['ALPHA'], ['ALPHA'], ['WAY']]"
1656,19-A MOUNT WASHINGTON DR,"[[], ['ALPHA'], ['ALPHA'], ['WAY']]"
1657,7163-B WASHINGTON ST SW,"[[], ['ALPHA'], ['WAY', 'PRE'], ['DIR']]"
1658,401-WEST DOMNICK ST,"[[], ['ALPHA'], ['WAY', 'PRE']]"
1659,E-8 OLVERA ST,"[[], ['ALPHA'], ['WAY', 'PRE']]"
1660,32-A UNION ST,"[[], ['ALPHA'], ['WAY', 'PRE']]"
1661,108-C RIVER ST,"[[], ['ALPHA'], ['WAY', 'PRE']]"
1662,2901-A DEVINE ST,"[[], ['ALPHA'], ['WAY', 'PRE']]"
1663,101-B MIDDLE ST,"[[], ['ALPHA'], ['WAY', 'PRE']]"
1664,56-A ACADEMY ST,"[[], ['ALPHA'], ['WAY', 'PRE']]"
1665,809-B CUESTA DR # 2175,"[[], ['ALPHA'], ['WAY'], ['POUND'], ['DIGIT']]"
1666,112-A ARGUS LN # 2,"[[], ['ALPHA'], ['WAY'], ['POUND'], ['DIGIT']]"
1667,21213-B HAWTHORNE BLVD # 5393,"[[], ['ALPHA'], ['WAY'], ['POUND'], ['DIGIT']]"
1668,352-A RITCHIE HWY,"[[], ['ALPHA'], ['WAY']]"
1669,9108-A ROCKCREST CIR,"[[], ['ALPHA'], ['WAY']]"
1670,1612-C DRIFT RD,"[[], ['ALPHA'], ['WAY']]"
1671,121-A RUTHERFORD RD,"[[], ['ALPHA'], ['WAY']]"
1672,910-B SOQUEL AVE,"[[], ['ALPHA'], ['WAY']]"
1673,6184-A ARLINGTON BLVD,"[[], ['ALPHA'], ['WAY']]"
1674,2152-A PELHAM PKWY,"[[], ['ALPHA'], ['WAY']]"
1675,102-M SERRAMONTE CTR,"[[], ['ALPHA'], ['WAY', 'APT_NUM']]"
1676,430-A YAUPON AVE,"[[], ['ALPHA'], ['WAY']]"
1677,600-C BATTLEGROUND AVE,"[[], ['ALPHA'], ['WAY']]"
1678,15320-A WARWICK BLVD,"[[], ['ALPHA'], ['WAY']]"
1679,9-B CAMELOT CT,"[[], ['ALPHA'], ['WAY', 'APT']]"
1680,34-A BROADWAY,"[[], ['ALPHA']]"
1681,SABRINA'S SUITE BOUTIQUE,"[[], ['APT'], ['ALPHA']]"
1682,1525-A THE GREENS WAY,"[[], ['ARTI'], ['ALPHA'], ['WORDWAY']]"
1683,149- 11 41ST AVE 1A-2A,11 41ST AVE
1684,102-B SOUTH ST,"[[], ['DIR'], ['WAY', 'PRE']]"
1685,820-A W MAIN ST,"[[], ['LETTER', 'DIR'], ['ALPHA'], ['WAY', 'PRE']]"
1686,8156-E S WADSWORTH BLVD # 124,"[[], ['LETTER', 'DIR'], ['ALPHA'], ['WAY'], ['POUND'], ['DIGIT']]"
1687,154-A W FOOTHILL BLVD # 341,"[[], ['LETTER', 'DIR'], ['ALPHA'], ['WAY'], ['POUND'], ['DIGIT']]"
1688,1235-A N CLYBOURN AVE,"[[], ['LETTER', 'DIR'], ['ALPHA'], ['WAY']]"
1689,4723-A S EMERSON AVE,"[[], ['LETTER', 'DIR'], ['ALPHA'], ['WAY']]"
1690,340-B S ANDOVER RD,"[[], ['LETTER', 'DIR'], ['ALPHA'], ['WAY']]"
1691,1955-A W MALVERN AVE,"[[], ['LETTER', 'DIR'], ['ALPHA'], ['WAY']]"
1692,692-B S MILITARY TRL,"[[], ['LETTER', 'DIR'], ['ALPHA'], ['WAY']]"
1693,1614-B N STATE HIGHWAY 161,"[[], ['LETTER', 'DIR'], ['ALPHA'], ['WORDWAY'], ['DIGIT']]"
1694,287-289-29 S OAKWOOD,"[[], ['LETTER', 'DIR'], ['ALPHA']]"
1695,1307-C N H ST,"[[], ['LETTER', 'DIR'], ['LETTER'], ['WAY', 'PRE']]"
1696,2422-2424- W 71ST ST,"[[], ['LETTER', 'DIR'], ['NTH'], ['WAY', 'PRE']]"
1697,828-A S LOS ANGELES ST,"[[], ['LETTER', 'DIR'], ['SP_ARTI'], ['ALPHA'], ['WAY', 'PRE']]"
1698,110-112-11 N HWY 81,"[[], ['LETTER', 'DIR'], ['WAY'], ['DIGIT']]"
1699,PINEVILLE-MATTHEWS RD STE5A,"[[], ['WAY'], ['ALNUM']]"
1700,500-508GAT BOULEVARD,"[[], ['WORDWAY']]"
1701,219-223A GOVERNOR'S SQ,"[[], [], ['WAY']]"
1702,,[['ALPHA']]
